[
  {
    "BuyerName": "srinivasa rao",
    "BuyerAddress": "",
    "BuyerGST": "",
    "InvoiceNo": "",
    "InvoiceDate": "2025-10-01",
    "InvoiceStateCode": "37",
    "pk": 2,
    "ServerInsertedTimeStamp": "2025-10-01T06:41:51.450Z"
  },
  {
    "BuyerName": "Om Venkatesaya",
    "BuyerAddress": "Tirupati",
    "BuyerGST": "",
    "InvoiceNo": "316",
    "InvoiceDate": "2025-10-01",
    "InvoiceStateCode": "37",
    "pk": 3,
    "ServerInsertedTimeStamp": "2025-10-01T09:34:31.874Z"
  },
  {
    "BuyerName": "Keshav4",
    "BuyerAddress": "kkd",
    "BuyerGST": "",
    "InvoiceNo": "",
    "InvoiceDate": "2025-10-01",
    "InvoiceStateCode": "37",
    "pk": 4,
    "ServerInsertedTimeStamp": "2025-10-01T10:31:50.195Z"
  },
  {
    "BuyerName": "khan",
    "BuyerAddress": "kkd",
    "BuyerGST": "",
    "InvoiceNo": "",
    "InvoiceDate": "2025-10-01",
    "InvoiceStateCode": "37",
    "pk": 5,
    "ServerInsertedTimeStamp": "2025-10-01T10:38:55.302Z"
  },
  {
    "BuyerName": "YASIN",
    "BuyerAddress": "PEDDAPURAM",
    "BuyerGST": "",
    "InvoiceNo": "",
    "InvoiceDate": "2025-10-01",
    "InvoiceStateCode": "37",
    "pk": 7,
    "ServerInsertedTimeStamp": "2025-10-01T10:44:31.729Z"
  },
  {
    "BuyerName": "ssrKeshav",
    "BuyerAddress": "kkd",
    "BuyerGST": "",
    "InvoiceNo": "",
    "InvoiceDate": "2025-10-01",
    "InvoiceStateCode": "37",
    "pk": 8,
    "ServerInsertedTimeStamp": "2025-10-01T11:18:37.519Z"
  },
  {
    "BuyerName": "tatarao",
    "BuyerAddress": "kakinada",
    "BuyerGST": "",
    "InvoiceNo": "",
    "InvoiceDate": "2025-10-01",
    "InvoiceStateCode": "37",
    "pk": 9,
    "ServerInsertedTimeStamp": "2025-10-01T11:29:42.008Z"
  },
  {
    "BuyerName": "narayana school",
    "BuyerAddress": "kakinada",
    "BuyerGST": "",
    "InvoiceNo": "",
    "InvoiceDate": "2025-10-01",
    "InvoiceStateCode": "37",
    "pk": 10,
    "ServerInsertedTimeStamp": "2025-10-01T11:53:56.667Z"
  },
  {
    "BuyerName": "dhaya",
    "BuyerAddress": "kakinada",
    "BuyerGST": "",
    "InvoiceNo": "",
    "InvoiceDate": "2025-10-01",
    "InvoiceStateCode": "37",
    "pk": 11,
    "ServerInsertedTimeStamp": "2025-10-01T12:38:22.016Z"
  },
  {
    "BuyerName": "govindhurajulu auto spares",
    "BuyerAddress": "gollapalem",
    "BuyerGST": "",
    "InvoiceNo": "",
    "InvoiceDate": "2025-10-01",
    "InvoiceStateCode": "37",
    "pk": 12,
    "ServerInsertedTimeStamp": "2025-10-01T13:02:52.083Z"
  },
  {
    "BuyerName": "govindhurajulu spares",
    "BuyerAddress": "gollapalem",
    "BuyerGST": "",
    "InvoiceNo": "",
    "InvoiceDate": "2025-10-01",
    "InvoiceStateCode": "37",
    "pk": 13,
    "ServerInsertedTimeStamp": "2025-10-01T13:11:44.883Z"
  },
  {
    "BuyerName": "kumar garu",
    "BuyerAddress": "kakinada",
    "BuyerGST": "",
    "InvoiceNo": "",
    "InvoiceDate": "2025-10-01",
    "InvoiceStateCode": "37",
    "pk": 14,
    "ServerInsertedTimeStamp": "2025-10-01T13:19:20.707Z"
  },
  {
    "BuyerName": "likith auto works",
    "BuyerAddress": "kakinada",
    "BuyerGST": "",
    "InvoiceNo": "",
    "InvoiceDate": "2025-10-01",
    "InvoiceStateCode": "37",
    "pk": 15,
    "ServerInsertedTimeStamp": "2025-10-01T13:20:51.589Z"
  },
  {
    "BuyerName": "venkatesh",
    "BuyerAddress": "gollaprolu",
    "BuyerGST": "",
    "InvoiceNo": "",
    "InvoiceDate": "2025-10-01",
    "InvoiceStateCode": "37",
    "pk": 16,
    "ServerInsertedTimeStamp": "2025-10-01T13:24:01.776Z"
  },
  {
    "BuyerName": "govindhurajulu auto spares",
    "BuyerAddress": "gollapalem",
    "BuyerGST": "",
    "InvoiceNo": "",
    "InvoiceDate": "2025-10-01",
    "InvoiceStateCode": "37",
    "pk": 17,
    "ServerInsertedTimeStamp": "2025-10-01T13:28:47.323Z"
  },
  {
    "BuyerName": "giri",
    "BuyerAddress": "kakinada",
    "BuyerGST": "",
    "InvoiceNo": "",
    "InvoiceDate": "2025-10-01",
    "InvoiceStateCode": "37",
    "pk": 18,
    "ServerInsertedTimeStamp": "2025-10-01T13:35:01.988Z"
  },
  {
    "BuyerName": "g venkata ramana",
    "BuyerAddress": "mamidada",
    "BuyerGST": "",
    "InvoiceNo": "",
    "InvoiceDate": "2025-10-01",
    "InvoiceStateCode": "37",
    "pk": 19,
    "ServerInsertedTimeStamp": "2025-10-01T13:49:46.644Z"
  },
  {
    "BuyerName": "Bobby",
    "BuyerAddress": "Gorripudi",
    "BuyerGST": "",
    "InvoiceNo": "",
    "InvoiceDate": "2025-10-01",
    "InvoiceStateCode": "37",
    "pk": 20,
    "ServerInsertedTimeStamp": "2025-10-01T14:28:26.436Z"
  },
  {
    "BuyerName": "srinivas",
    "BuyerAddress": "kakinada",
    "BuyerGST": "",
    "InvoiceNo": "",
    "InvoiceDate": "2025-10-01",
    "InvoiceStateCode": "37",
    "pk": 21,
    "ServerInsertedTimeStamp": "2025-10-01T14:47:42.773Z"
  },
  {
    "BuyerName": "giri mec",
    "BuyerAddress": "kkd",
    "BuyerGST": "",
    "InvoiceNo": "",
    "InvoiceDate": "2025-10-02",
    "InvoiceStateCode": "37",
    "pk": 22,
    "ServerInsertedTimeStamp": "2025-10-02T04:53:31.808Z"
  },
  {
    "BuyerName": "giri mec passion plus",
    "BuyerAddress": "kakinada",
    "BuyerGST": "",
    "InvoiceNo": "",
    "InvoiceDate": "2025-10-02",
    "InvoiceStateCode": "37",
    "pk": 23,
    "ServerInsertedTimeStamp": "2025-10-02T05:05:11.137Z"
  },
  {
    "BuyerName": "raju nellappanna centre",
    "BuyerAddress": "kakinada",
    "BuyerGST": "",
    "InvoiceNo": "",
    "InvoiceDate": "2025-10-02",
    "InvoiceStateCode": "37",
    "pk": 24,
    "ServerInsertedTimeStamp": "2025-10-02T05:27:42.549Z"
  },
  {
    "BuyerName": "DAILY SALES",
    "BuyerAddress": "",
    "BuyerGST": "",
    "InvoiceNo": "",
    "InvoiceDate": "2025-10-02",
    "InvoiceStateCode": "37",
    "pk": 25,
    "ServerInsertedTimeStamp": "2025-10-02T05:30:54.990Z"
  },
  {
    "BuyerName": "giri mec",
    "BuyerAddress": "kakinada",
    "BuyerGST": "",
    "InvoiceNo": "",
    "InvoiceDate": "2025-10-02",
    "InvoiceStateCode": "37",
    "pk": 26,
    "ServerInsertedTimeStamp": "2025-10-02T05:39:15.708Z"
  },
  {
    "BuyerName": "govindhurajulu auto spares",
    "BuyerAddress": "gollapalem",
    "BuyerGST": "",
    "InvoiceNo": "",
    "InvoiceDate": "2025-10-02",
    "InvoiceStateCode": "37",
    "pk": 27,
    "ServerInsertedTimeStamp": "2025-10-02T05:49:25.668Z"
  },
  {
    "BuyerName": "DEVADHULA CHANDRARAO",
    "BuyerAddress": "VELANGI",
    "BuyerGST": "",
    "InvoiceNo": "",
    "InvoiceDate": "2025-10-02",
    "InvoiceStateCode": "37",
    "pk": 28,
    "ServerInsertedTimeStamp": "2025-10-02T06:06:37.212Z"
  },
  {
    "BuyerName": "Manga Raju",
    "BuyerAddress": "Kakinada",
    "BuyerGST": "",
    "InvoiceNo": "",
    "InvoiceDate": "2025-10-02",
    "InvoiceStateCode": "37",
    "pk": 29,
    "ServerInsertedTimeStamp": "2025-10-02T06:27:10.366Z"
  },
  {
    "BuyerName": "CIVIC AUTOMOBILES",
    "BuyerAddress": "KAKINADA",
    "BuyerGST": "",
    "InvoiceNo": "",
    "InvoiceDate": "2025-10-02",
    "InvoiceStateCode": "37",
    "pk": 30,
    "ServerInsertedTimeStamp": "2025-10-02T06:49:04.575Z"
  },
  {
    "BuyerName": "AS AUTOMOBILES",
    "BuyerAddress": "PEDAPUDI",
    "BuyerGST": "",
    "InvoiceNo": "",
    "InvoiceDate": "2025-10-02",
    "InvoiceStateCode": "37",
    "pk": 31,
    "ServerInsertedTimeStamp": "2025-10-02T06:56:51.406Z"
  },
  {
    "BuyerName": "SRI VENKATESWARA AUTOMOBILES",
    "BuyerAddress": "GAIGALAPADU",
    "BuyerGST": "",
    "InvoiceNo": "",
    "InvoiceDate": "2025-10-02",
    "InvoiceStateCode": "37",
    "pk": 32,
    "ServerInsertedTimeStamp": "2025-10-02T07:11:48.087Z"
  },
  {
    "BuyerName": "DEVADHULA CHANDRARAO",
    "BuyerAddress": "VELANGI",
    "BuyerGST": "",
    "InvoiceNo": "",
    "InvoiceDate": "2025-10-02",
    "InvoiceStateCode": "37",
    "pk": 33,
    "ServerInsertedTimeStamp": "2025-10-02T07:40:03.788Z"
  },
  {
    "BuyerName": "ARUN KUMAR",
    "BuyerAddress": "KAKINADA",
    "BuyerGST": "",
    "InvoiceNo": "",
    "InvoiceDate": "2025-10-02",
    "InvoiceStateCode": "37",
    "pk": 34,
    "ServerInsertedTimeStamp": "2025-10-02T07:47:10.779Z"
  },
  {
    "BuyerName": "DEVADHULA CHANDRARAO",
    "BuyerAddress": "velangi",
    "BuyerGST": "",
    "InvoiceNo": "",
    "InvoiceDate": "2025-10-02",
    "InvoiceStateCode": "37",
    "pk": 35,
    "ServerInsertedTimeStamp": "2025-10-02T08:04:27.651Z"
  },
  {
    "BuyerName": "DEVADHULA CHANDRARAO",
    "BuyerAddress": "velangi",
    "BuyerGST": "",
    "InvoiceNo": "",
    "InvoiceDate": "2025-10-02",
    "InvoiceStateCode": "37",
    "pk": 36,
    "ServerInsertedTimeStamp": "2025-10-02T08:09:56.438Z"
  },
  {
    "BuyerName": "DEVADHULA CHANDRARAO",
    "BuyerAddress": "velangi",
    "BuyerGST": "",
    "InvoiceNo": "",
    "InvoiceDate": "2025-10-02",
    "InvoiceStateCode": "37",
    "pk": 37,
    "ServerInsertedTimeStamp": "2025-10-02T08:19:07.390Z"
  },
  {
    "BuyerName": "DAILY SALE",
    "BuyerAddress": "KKD",
    "BuyerGST": "",
    "InvoiceNo": "",
    "InvoiceDate": "2025-10-03",
    "InvoiceStateCode": "37",
    "pk": 38,
    "ServerInsertedTimeStamp": "2025-10-03T04:31:16.518Z"
  },
  {
    "BuyerName": "VIJAYA LAXMI AUTO SPARES",
    "BuyerAddress": "KAKINADA 9032385825",
    "BuyerGST": "",
    "InvoiceNo": "",
    "InvoiceDate": "2025-10-03",
    "InvoiceStateCode": "37",
    "pk": 39,
    "ServerInsertedTimeStamp": "2025-10-03T04:32:50.115Z"
  },
  {
    "BuyerName": "venkateswara cycles",
    "BuyerAddress": "mamidada",
    "BuyerGST": "",
    "InvoiceNo": "",
    "InvoiceDate": "2025-10-03",
    "InvoiceStateCode": "37",
    "pk": 40,
    "ServerInsertedTimeStamp": "2025-10-03T04:53:06.732Z"
  },
  {
    "BuyerName": "JAGANATHAM",
    "BuyerAddress": "KAKINADA",
    "BuyerGST": "",
    "InvoiceNo": "",
    "InvoiceDate": "2025-10-03",
    "InvoiceStateCode": "37",
    "pk": 41,
    "ServerInsertedTimeStamp": "2025-10-03T04:59:46.504Z"
  },
  {
    "BuyerName": "DEVUDU",
    "BuyerAddress": "KKD",
    "BuyerGST": "",
    "InvoiceNo": "",
    "InvoiceDate": "2025-10-03",
    "InvoiceStateCode": "37",
    "pk": 42,
    "ServerInsertedTimeStamp": "2025-10-03T05:04:47.308Z"
  },
  {
    "BuyerName": "DEVADHULA CHANDRARAO",
    "BuyerAddress": "VELANGI",
    "BuyerGST": "",
    "InvoiceNo": "",
    "InvoiceDate": "2025-10-03",
    "InvoiceStateCode": "37",
    "pk": 43,
    "ServerInsertedTimeStamp": "2025-10-03T05:09:55.451Z"
  },
  {
    "BuyerName": "ANNAMAYYA",
    "BuyerAddress": "KKD",
    "BuyerGST": "",
    "InvoiceNo": "",
    "InvoiceDate": "2025-10-03",
    "InvoiceStateCode": "37",
    "pk": 44,
    "ServerInsertedTimeStamp": "2025-10-03T05:11:59.718Z"
  },
  {
    "BuyerName": "sathibabu",
    "BuyerAddress": "kkd",
    "BuyerGST": "",
    "InvoiceNo": "",
    "InvoiceDate": "2025-10-03",
    "InvoiceStateCode": "37",
    "pk": 45,
    "ServerInsertedTimeStamp": "2025-10-03T06:03:38.335Z"
  },
  {
    "BuyerName": "Vinod",
    "BuyerAddress": "Kakinada",
    "BuyerGST": "",
    "InvoiceNo": "",
    "InvoiceDate": "2025-10-03",
    "InvoiceStateCode": "37",
    "pk": 46,
    "ServerInsertedTimeStamp": "2025-10-03T06:29:28.279Z"
  },
  {
    "BuyerName": "K Satya narayana",
    "BuyerAddress": "Kakinada",
    "BuyerGST": "",
    "InvoiceNo": "",
    "InvoiceDate": "2025-10-03",
    "InvoiceStateCode": "37",
    "pk": 47,
    "ServerInsertedTimeStamp": "2025-10-03T06:37:39.157Z"
  },
  {
    "BuyerName": "M Suribabu",
    "BuyerAddress": "Vakalapudi",
    "BuyerGST": "",
    "InvoiceNo": "",
    "InvoiceDate": "2025-10-03",
    "InvoiceStateCode": "37",
    "pk": 48,
    "ServerInsertedTimeStamp": "2025-10-03T06:41:31.553Z"
  },
  {
    "BuyerName": "mani",
    "BuyerAddress": "kkd",
    "BuyerGST": "",
    "InvoiceNo": "",
    "InvoiceDate": "2025-10-03",
    "InvoiceStateCode": "37",
    "pk": 49,
    "ServerInsertedTimeStamp": "2025-10-03T06:52:23.944Z"
  },
  {
    "BuyerName": "rss prasad",
    "BuyerAddress": "kakinad",
    "BuyerGST": "",
    "InvoiceNo": "",
    "InvoiceDate": "2025-10-03",
    "InvoiceStateCode": "37",
    "pk": 50,
    "ServerInsertedTimeStamp": "2025-10-03T07:01:22.098Z"
  },
  {
    "BuyerName": "yasin consultency",
    "BuyerAddress": "peddapuram",
    "BuyerGST": "",
    "InvoiceNo": "",
    "InvoiceDate": "2025-10-03",
    "InvoiceStateCode": "37",
    "pk": 51,
    "ServerInsertedTimeStamp": "2025-10-03T07:02:49.494Z"
  },
  {
    "BuyerName": "Dinesh",
    "BuyerAddress": "Kakinada",
    "BuyerGST": "",
    "InvoiceNo": "",
    "InvoiceDate": "2025-10-03",
    "InvoiceStateCode": "37",
    "pk": 52,
    "ServerInsertedTimeStamp": "2025-10-03T07:09:30.840Z"
  },
  {
    "BuyerName": "Sandeep",
    "BuyerAddress": "jagannaikpur",
    "BuyerGST": "",
    "InvoiceNo": "",
    "InvoiceDate": "2025-10-03",
    "InvoiceStateCode": "37",
    "pk": 53,
    "ServerInsertedTimeStamp": "2025-10-03T07:24:50.325Z"
  },
  {
    "BuyerName": "likhit auto works",
    "BuyerAddress": "kkd",
    "BuyerGST": "",
    "InvoiceNo": "",
    "InvoiceDate": "2025-10-03",
    "InvoiceStateCode": "37",
    "pk": 54,
    "ServerInsertedTimeStamp": "2025-10-03T08:10:47.920Z"
  },
  {
    "BuyerName": "chinababu",
    "BuyerAddress": "kakinada",
    "BuyerGST": "",
    "InvoiceNo": "",
    "InvoiceDate": "2025-10-03",
    "InvoiceStateCode": "37",
    "pk": 55,
    "ServerInsertedTimeStamp": "2025-10-03T08:57:48.436Z"
  },
  {
    "BuyerName": "Sri Durga mahalakshmi bike",
    "BuyerAddress": "Tallarevu",
    "BuyerGST": "",
    "InvoiceNo": "",
    "InvoiceDate": "2025-10-03",
    "InvoiceStateCode": "37",
    "pk": 56,
    "ServerInsertedTimeStamp": "2025-10-03T09:24:24.072Z"
  },
  {
    "BuyerName": "Rambabu",
    "BuyerAddress": "kajuluru",
    "BuyerGST": "",
    "InvoiceNo": "",
    "InvoiceDate": "2025-10-03",
    "InvoiceStateCode": "37",
    "pk": 57,
    "ServerInsertedTimeStamp": "2025-10-03T10:35:53.725Z"
  },
  {
    "BuyerName": "rambabu",
    "BuyerAddress": "kajuluru",
    "BuyerGST": "",
    "InvoiceNo": "",
    "InvoiceDate": "2025-10-03",
    "InvoiceStateCode": "37",
    "pk": 58,
    "ServerInsertedTimeStamp": "2025-10-03T10:37:58.737Z"
  },
  {
    "BuyerName": "Yesu",
    "BuyerAddress": "Jagannaikpur",
    "BuyerGST": "",
    "InvoiceNo": "",
    "InvoiceDate": "2025-10-03",
    "InvoiceStateCode": "37",
    "pk": 59,
    "ServerInsertedTimeStamp": "2025-10-03T11:22:01.790Z"
  },
  {
    "BuyerName": "annamayya",
    "BuyerAddress": "kkd",
    "BuyerGST": "",
    "InvoiceNo": "",
    "InvoiceDate": "2025-10-03",
    "InvoiceStateCode": "37",
    "pk": 60,
    "ServerInsertedTimeStamp": "2025-10-03T11:38:03.355Z"
  },
  {
    "BuyerName": "venkateswara automobiles",
    "BuyerAddress": "gaigalapadu",
    "BuyerGST": "",
    "InvoiceNo": "",
    "InvoiceDate": "2025-10-03",
    "InvoiceStateCode": "37",
    "pk": 61,
    "ServerInsertedTimeStamp": "2025-10-03T11:46:51.086Z"
  },
  {
    "BuyerName": "Kota Subhramanyam",
    "BuyerAddress": "Patavala",
    "BuyerGST": "",
    "InvoiceNo": "",
    "InvoiceDate": "2025-10-03",
    "InvoiceStateCode": "37",
    "pk": 62,
    "ServerInsertedTimeStamp": "2025-10-03T11:53:51.132Z"
  },
  {
    "BuyerName": "nanji mechanic",
    "BuyerAddress": "gollaprolu",
    "BuyerGST": "",
    "InvoiceNo": "",
    "InvoiceDate": "2025-10-03",
    "InvoiceStateCode": "37",
    "pk": 63,
    "ServerInsertedTimeStamp": "2025-10-03T12:29:19.540Z"
  },
  {
    "BuyerName": "MANI",
    "BuyerAddress": "KKD",
    "BuyerGST": "",
    "InvoiceNo": "",
    "InvoiceDate": "2025-10-03",
    "InvoiceStateCode": "37",
    "pk": 64,
    "ServerInsertedTimeStamp": "2025-10-03T13:16:01.399Z"
  },
  {
    "BuyerName": "veerababu",
    "BuyerAddress": "kakinada",
    "BuyerGST": "",
    "InvoiceNo": "",
    "InvoiceDate": "2025-10-03",
    "InvoiceStateCode": "37",
    "pk": 65,
    "ServerInsertedTimeStamp": "2025-10-03T13:46:29.531Z"
  },
  {
    "BuyerName": "K Rajababu",
    "BuyerAddress": "Kakinada",
    "BuyerGST": "",
    "InvoiceNo": "",
    "InvoiceDate": "2025-10-03",
    "InvoiceStateCode": "37",
    "pk": 66,
    "ServerInsertedTimeStamp": "2025-10-03T14:04:07.396Z"
  },
  {
    "BuyerName": "veera swamy",
    "BuyerAddress": "kakinada",
    "BuyerGST": "",
    "InvoiceNo": "",
    "InvoiceDate": "2025-10-04",
    "InvoiceStateCode": "37",
    "pk": 67,
    "ServerInsertedTimeStamp": "2025-10-04T04:22:55.770Z"
  },
  {
    "BuyerName": "srinu",
    "BuyerAddress": "kakinada",
    "BuyerGST": "",
    "InvoiceNo": "",
    "InvoiceDate": "2025-10-04",
    "InvoiceStateCode": "37",
    "pk": 68,
    "ServerInsertedTimeStamp": "2025-10-04T04:45:45.797Z"
  },
  {
    "BuyerName": "prasad",
    "BuyerAddress": "kakinada",
    "BuyerGST": "",
    "InvoiceNo": "",
    "InvoiceDate": "2025-10-04",
    "InvoiceStateCode": "37",
    "pk": 69,
    "ServerInsertedTimeStamp": "2025-10-04T05:08:35.056Z"
  },
  {
    "BuyerName": "krishna",
    "BuyerAddress": "kakinada",
    "BuyerGST": "",
    "InvoiceNo": "",
    "InvoiceDate": "2025-10-04",
    "InvoiceStateCode": "37",
    "pk": 70,
    "ServerInsertedTimeStamp": "2025-10-04T05:23:17.196Z"
  },
  {
    "BuyerName": "giri mec",
    "BuyerAddress": "kakinada",
    "BuyerGST": "",
    "InvoiceNo": "",
    "InvoiceDate": "2025-10-04",
    "InvoiceStateCode": "37",
    "pk": 71,
    "ServerInsertedTimeStamp": "2025-10-04T05:25:21.860Z"
  },
  {
    "BuyerName": "trinath automobiles",
    "BuyerAddress": "prathipadu",
    "BuyerGST": "",
    "InvoiceNo": "",
    "InvoiceDate": "2025-10-04",
    "InvoiceStateCode": "37",
    "pk": 72,
    "ServerInsertedTimeStamp": "2025-10-04T05:28:45.337Z"
  },
  {
    "BuyerName": "vasantharao",
    "BuyerAddress": "kakinada",
    "BuyerGST": "",
    "InvoiceNo": "",
    "InvoiceDate": "2025-10-04",
    "InvoiceStateCode": "37",
    "pk": 73,
    "ServerInsertedTimeStamp": "2025-10-04T05:51:36.303Z"
  },
  {
    "BuyerName": "madhu",
    "BuyerAddress": "kakinada",
    "BuyerGST": "",
    "InvoiceNo": "",
    "InvoiceDate": "2025-10-04",
    "InvoiceStateCode": "37",
    "pk": 74,
    "ServerInsertedTimeStamp": "2025-10-04T06:16:15.309Z"
  },
  {
    "BuyerName": "robin",
    "BuyerAddress": "kakinada",
    "BuyerGST": "",
    "InvoiceNo": "",
    "InvoiceDate": "2025-10-04",
    "InvoiceStateCode": "37",
    "pk": 75,
    "ServerInsertedTimeStamp": "2025-10-04T06:32:42.848Z"
  },
  {
    "BuyerName": "likith",
    "BuyerAddress": "kakinada",
    "BuyerGST": "",
    "InvoiceNo": "",
    "InvoiceDate": "2025-10-04",
    "InvoiceStateCode": "37",
    "pk": 76,
    "ServerInsertedTimeStamp": "2025-10-04T06:37:30.607Z"
  },
  {
    "BuyerName": "rambabu m",
    "BuyerAddress": "kakinada",
    "BuyerGST": "",
    "InvoiceNo": "",
    "InvoiceDate": "2025-10-04",
    "InvoiceStateCode": "37",
    "pk": 77,
    "ServerInsertedTimeStamp": "2025-10-04T06:42:14.017Z"
  },
  {
    "BuyerName": "v siva",
    "BuyerAddress": "kakinada",
    "BuyerGST": "",
    "InvoiceNo": "",
    "InvoiceDate": "2025-10-04",
    "InvoiceStateCode": "37",
    "pk": 78,
    "ServerInsertedTimeStamp": "2025-10-04T06:49:01.299Z"
  },
  {
    "BuyerName": "sai baba",
    "BuyerAddress": "kakinada",
    "BuyerGST": "",
    "InvoiceNo": "",
    "InvoiceDate": "2025-10-04",
    "InvoiceStateCode": "37",
    "pk": 79,
    "ServerInsertedTimeStamp": "2025-10-04T06:59:15.090Z"
  },
  {
    "BuyerName": "anji",
    "BuyerAddress": "karapa",
    "BuyerGST": "",
    "InvoiceNo": "",
    "InvoiceDate": "2025-10-04",
    "InvoiceStateCode": "37",
    "pk": 80,
    "ServerInsertedTimeStamp": "2025-10-04T07:08:34.477Z"
  },
  {
    "BuyerName": "ravi",
    "BuyerAddress": "kakinada",
    "BuyerGST": "",
    "InvoiceNo": "",
    "InvoiceDate": "2025-10-04",
    "InvoiceStateCode": "37",
    "pk": 81,
    "ServerInsertedTimeStamp": "2025-10-04T08:15:35.594Z"
  },
  {
    "BuyerName": "anwar",
    "BuyerAddress": "kakinada",
    "BuyerGST": "",
    "InvoiceNo": "",
    "InvoiceDate": "2025-10-04",
    "InvoiceStateCode": "37",
    "pk": 82,
    "ServerInsertedTimeStamp": "2025-10-04T08:19:55.751Z"
  },
  {
    "BuyerName": "ravi",
    "BuyerAddress": "kakinada",
    "BuyerGST": "",
    "InvoiceNo": "",
    "InvoiceDate": "2025-10-04",
    "InvoiceStateCode": "37",
    "pk": 83,
    "ServerInsertedTimeStamp": "2025-10-04T08:23:29.157Z"
  },
  {
    "BuyerName": "veeresh",
    "BuyerAddress": "kakinada",
    "BuyerGST": "",
    "InvoiceNo": "",
    "InvoiceDate": "2025-10-04",
    "InvoiceStateCode": "37",
    "pk": 84,
    "ServerInsertedTimeStamp": "2025-10-04T08:25:08.757Z"
  },
  {
    "BuyerName": "ramana",
    "BuyerAddress": "kakinada",
    "BuyerGST": "",
    "InvoiceNo": "",
    "InvoiceDate": "2025-10-04",
    "InvoiceStateCode": "37",
    "pk": 85,
    "ServerInsertedTimeStamp": "2025-10-04T10:09:31.847Z"
  },
  {
    "BuyerName": "Trinath automobiles",
    "BuyerAddress": "prathipadu",
    "BuyerGST": "",
    "InvoiceNo": "",
    "InvoiceDate": "2025-10-04",
    "InvoiceStateCode": "37",
    "pk": 86,
    "ServerInsertedTimeStamp": "2025-10-04T11:58:41.028Z"
  },
  {
    "BuyerName": "m varalakshmi",
    "BuyerAddress": "kakinada",
    "BuyerGST": "",
    "InvoiceNo": "",
    "InvoiceDate": "2025-10-04",
    "InvoiceStateCode": "37",
    "pk": 87,
    "ServerInsertedTimeStamp": "2025-10-04T12:19:32.572Z"
  },
  {
    "BuyerName": "mani",
    "BuyerAddress": "kakinada",
    "BuyerGST": "",
    "InvoiceNo": "",
    "InvoiceDate": "2025-10-04",
    "InvoiceStateCode": "37",
    "pk": 88,
    "ServerInsertedTimeStamp": "2025-10-04T14:03:44.489Z"
  },
  {
    "BuyerName": "trinath automobiles",
    "BuyerAddress": "Prathipadu",
    "BuyerGST": "",
    "InvoiceNo": "",
    "InvoiceDate": "2025-10-04",
    "InvoiceStateCode": "37",
    "pk": 89,
    "ServerInsertedTimeStamp": "2025-10-04T14:27:30.240Z"
  },
  {
    "BuyerName": "s veerraju",
    "BuyerAddress": "chollangi",
    "BuyerGST": "",
    "InvoiceNo": "",
    "InvoiceDate": "2025-10-04",
    "InvoiceStateCode": "37",
    "pk": 90,
    "ServerInsertedTimeStamp": "2025-10-04T15:20:22.164Z"
  },
  {
    "BuyerName": "harsha",
    "BuyerAddress": "kakinada",
    "BuyerGST": "",
    "InvoiceNo": "",
    "InvoiceDate": "2025-10-04",
    "InvoiceStateCode": "37",
    "pk": 91,
    "ServerInsertedTimeStamp": "2025-10-04T15:32:19.241Z"
  },
  {
    "BuyerName": "vijay",
    "BuyerAddress": "DRAKSHARAMAM",
    "BuyerGST": "",
    "InvoiceNo": "",
    "InvoiceDate": "2025-10-04",
    "InvoiceStateCode": "37",
    "pk": 92,
    "ServerInsertedTimeStamp": "2025-10-04T15:43:08.764Z"
  },
  {
    "BuyerName": "bhaskar",
    "BuyerAddress": "chollangi",
    "BuyerGST": "",
    "InvoiceNo": "",
    "InvoiceDate": "2025-10-05",
    "InvoiceStateCode": "37",
    "pk": 93,
    "ServerInsertedTimeStamp": "2025-10-05T04:10:45.063Z"
  },
  {
    "BuyerName": "DAILY SALE",
    "BuyerAddress": "",
    "BuyerGST": "",
    "InvoiceNo": "",
    "InvoiceDate": "2025-10-05",
    "InvoiceStateCode": "37",
    "pk": 94,
    "ServerInsertedTimeStamp": "2025-10-05T04:33:31.443Z"
  },
  {
    "BuyerName": "varun",
    "BuyerAddress": "kakinada",
    "BuyerGST": "",
    "InvoiceNo": "",
    "InvoiceDate": "2025-10-05",
    "InvoiceStateCode": "37",
    "pk": 95,
    "ServerInsertedTimeStamp": "2025-10-05T04:36:31.543Z"
  },
  {
    "BuyerName": "RR AUTOMOBILES",
    "BuyerAddress": "T NAGAR RAJAHMUNDRY",
    "BuyerGST": "37AANFR0743A2ZE",
    "InvoiceNo": "",
    "InvoiceDate": "2025-10-05",
    "InvoiceStateCode": "37",
    "pk": 96,
    "ServerInsertedTimeStamp": "2025-10-05T04:43:21.869Z"
  },
  {
    "BuyerName": "DANARAJU",
    "BuyerAddress": "KAKINADA",
    "BuyerGST": "",
    "InvoiceNo": "",
    "InvoiceDate": "2025-10-05",
    "InvoiceStateCode": "37",
    "pk": 97,
    "ServerInsertedTimeStamp": "2025-10-05T04:45:19.563Z"
  },
  {
    "BuyerName": "GV BABU",
    "BuyerAddress": "KAKINADA",
    "BuyerGST": "",
    "InvoiceNo": "",
    "InvoiceDate": "2025-10-05",
    "InvoiceStateCode": "37",
    "pk": 98,
    "ServerInsertedTimeStamp": "2025-10-05T04:55:39.836Z"
  },
  {
    "BuyerName": "t srinu",
    "BuyerAddress": "kakinada",
    "BuyerGST": "",
    "InvoiceNo": "",
    "InvoiceDate": "2025-10-05",
    "InvoiceStateCode": "37",
    "pk": 99,
    "ServerInsertedTimeStamp": "2025-10-05T05:07:36.527Z"
  },
  {
    "BuyerName": "raju",
    "BuyerAddress": "kakinada",
    "BuyerGST": "",
    "InvoiceNo": "",
    "InvoiceDate": "2025-10-05",
    "InvoiceStateCode": "37",
    "pk": 100,
    "ServerInsertedTimeStamp": "2025-10-05T05:12:59.480Z"
  },
  {
    "BuyerName": "nani",
    "BuyerAddress": "kakinada",
    "BuyerGST": "",
    "InvoiceNo": "",
    "InvoiceDate": "2025-10-05",
    "InvoiceStateCode": "37",
    "pk": 101,
    "ServerInsertedTimeStamp": "2025-10-05T05:28:56.512Z"
  },
  {
    "BuyerName": "srinu",
    "BuyerAddress": "uppada",
    "BuyerGST": "",
    "InvoiceNo": "",
    "InvoiceDate": "2025-10-05",
    "InvoiceStateCode": "37",
    "pk": 102,
    "ServerInsertedTimeStamp": "2025-10-05T05:35:32.697Z"
  },
  {
    "BuyerName": "suresh",
    "BuyerAddress": "kakinada",
    "BuyerGST": "",
    "InvoiceNo": "",
    "InvoiceDate": "2025-10-05",
    "InvoiceStateCode": "37",
    "pk": 103,
    "ServerInsertedTimeStamp": "2025-10-05T05:43:01.176Z"
  },
  {
    "BuyerName": "satyanarayana",
    "BuyerAddress": "kakinada",
    "BuyerGST": "",
    "InvoiceNo": "",
    "InvoiceDate": "2025-10-05",
    "InvoiceStateCode": "37",
    "pk": 104,
    "ServerInsertedTimeStamp": "2025-10-05T06:53:26.611Z"
  },
  {
    "BuyerName": "siva bike care",
    "BuyerAddress": "rajupalem 9553603387",
    "BuyerGST": "",
    "InvoiceNo": "",
    "InvoiceDate": "2025-10-05",
    "InvoiceStateCode": "37",
    "pk": 105,
    "ServerInsertedTimeStamp": "2025-10-05T06:59:18.777Z"
  },
  {
    "BuyerName": "thrimurthulu",
    "BuyerAddress": "kakinada",
    "BuyerGST": "",
    "InvoiceNo": "",
    "InvoiceDate": "2025-10-06",
    "InvoiceStateCode": "37",
    "pk": 106,
    "ServerInsertedTimeStamp": "2025-10-06T04:00:39.867Z"
  },
  {
    "BuyerName": "kasi raj",
    "BuyerAddress": "kakinada",
    "BuyerGST": "",
    "InvoiceNo": "",
    "InvoiceDate": "2025-10-06",
    "InvoiceStateCode": "37",
    "pk": 107,
    "ServerInsertedTimeStamp": "2025-10-06T04:37:34.138Z"
  },
  {
    "BuyerName": "rambabu",
    "BuyerAddress": "kakinada",
    "BuyerGST": "",
    "InvoiceNo": "",
    "InvoiceDate": "2025-10-06",
    "InvoiceStateCode": "37",
    "pk": 108,
    "ServerInsertedTimeStamp": "2025-10-06T04:39:35.814Z"
  },
  {
    "BuyerName": "prakash",
    "BuyerAddress": "kakinada",
    "BuyerGST": "",
    "InvoiceNo": "",
    "InvoiceDate": "2025-10-06",
    "InvoiceStateCode": "37",
    "pk": 109,
    "ServerInsertedTimeStamp": "2025-10-06T04:44:20.954Z"
  },
  {
    "BuyerName": "t mohan krishna",
    "BuyerAddress": "kakinada",
    "BuyerGST": "",
    "InvoiceNo": "",
    "InvoiceDate": "2025-10-06",
    "InvoiceStateCode": "37",
    "pk": 110,
    "ServerInsertedTimeStamp": "2025-10-06T04:48:25.280Z"
  },
  {
    "BuyerName": "mallesh",
    "BuyerAddress": "kakinada",
    "BuyerGST": "",
    "InvoiceNo": "",
    "InvoiceDate": "2025-10-06",
    "InvoiceStateCode": "37",
    "pk": 111,
    "ServerInsertedTimeStamp": "2025-10-06T05:09:24.927Z"
  },
  {
    "BuyerName": "santhosh",
    "BuyerAddress": "kakinada",
    "BuyerGST": "",
    "InvoiceNo": "",
    "InvoiceDate": "2025-10-06",
    "InvoiceStateCode": "37",
    "pk": 112,
    "ServerInsertedTimeStamp": "2025-10-06T05:39:31.182Z"
  },
  {
    "BuyerName": "rambabu garu",
    "BuyerAddress": "kakinada",
    "BuyerGST": "",
    "InvoiceNo": "",
    "InvoiceDate": "2025-10-06",
    "InvoiceStateCode": "37",
    "pk": 113,
    "ServerInsertedTimeStamp": "2025-10-06T05:49:07.497Z"
  },
  {
    "BuyerName": "koteswarao",
    "BuyerAddress": "kakinada",
    "BuyerGST": "",
    "InvoiceNo": "",
    "InvoiceDate": "2025-10-06",
    "InvoiceStateCode": "37",
    "pk": 114,
    "ServerInsertedTimeStamp": "2025-10-06T06:09:19.513Z"
  },
  {
    "BuyerName": "nagranda",
    "BuyerAddress": "kakinada",
    "BuyerGST": "",
    "InvoiceNo": "",
    "InvoiceDate": "2025-10-06",
    "InvoiceStateCode": "37",
    "pk": 115,
    "ServerInsertedTimeStamp": "2025-10-06T06:11:30.461Z"
  },
  {
    "BuyerName": "prasad",
    "BuyerAddress": "kakinada",
    "BuyerGST": "",
    "InvoiceNo": "",
    "InvoiceDate": "2025-10-06",
    "InvoiceStateCode": "37",
    "pk": 116,
    "ServerInsertedTimeStamp": "2025-10-06T06:17:37.841Z"
  },
  {
    "BuyerName": "lova prasad",
    "BuyerAddress": "kakinada",
    "BuyerGST": "",
    "InvoiceNo": "",
    "InvoiceDate": "2025-10-06",
    "InvoiceStateCode": "37",
    "pk": 117,
    "ServerInsertedTimeStamp": "2025-10-06T06:22:46.685Z"
  },
  {
    "BuyerName": "sathibabu",
    "BuyerAddress": "kakinada",
    "BuyerGST": "",
    "InvoiceNo": "",
    "InvoiceDate": "2025-10-06",
    "InvoiceStateCode": "37",
    "pk": 118,
    "ServerInsertedTimeStamp": "2025-10-06T06:23:48.057Z"
  },
  {
    "BuyerName": "srinu",
    "BuyerAddress": "kakinada",
    "BuyerGST": "",
    "InvoiceNo": "",
    "InvoiceDate": "2025-10-06",
    "InvoiceStateCode": "37",
    "pk": 119,
    "ServerInsertedTimeStamp": "2025-10-06T07:09:20.387Z"
  },
  {
    "BuyerName": "p durga",
    "BuyerAddress": "kakinada",
    "BuyerGST": "",
    "InvoiceNo": "",
    "InvoiceDate": "2025-10-06",
    "InvoiceStateCode": "37",
    "pk": 120,
    "ServerInsertedTimeStamp": "2025-10-06T07:38:15.334Z"
  },
  {
    "BuyerName": "ravi",
    "BuyerAddress": "kakinada",
    "BuyerGST": "",
    "InvoiceNo": "",
    "InvoiceDate": "2025-10-06",
    "InvoiceStateCode": "37",
    "pk": 121,
    "ServerInsertedTimeStamp": "2025-10-06T07:45:17.704Z"
  },
  {
    "BuyerName": "paparao",
    "BuyerAddress": "kakinada",
    "BuyerGST": "",
    "InvoiceNo": "",
    "InvoiceDate": "2025-10-06",
    "InvoiceStateCode": "37",
    "pk": 122,
    "ServerInsertedTimeStamp": "2025-10-06T07:57:27.058Z"
  },
  {
    "BuyerName": "Prasad",
    "BuyerAddress": "Kakinada",
    "BuyerGST": "",
    "InvoiceNo": "",
    "InvoiceDate": "2025-10-06",
    "InvoiceStateCode": "37",
    "pk": 123,
    "ServerInsertedTimeStamp": "2025-10-06T09:24:02.935Z"
  },
  {
    "BuyerName": "rambabu",
    "BuyerAddress": "thimmapuram",
    "BuyerGST": "",
    "InvoiceNo": "",
    "InvoiceDate": "2025-10-06",
    "InvoiceStateCode": "37",
    "pk": 124,
    "ServerInsertedTimeStamp": "2025-10-06T10:19:31.490Z"
  },
  {
    "BuyerName": "srinivasarao",
    "BuyerAddress": "kirlampudi",
    "BuyerGST": "",
    "InvoiceNo": "",
    "InvoiceDate": "2025-10-06",
    "InvoiceStateCode": "37",
    "pk": 125,
    "ServerInsertedTimeStamp": "2025-10-06T10:30:18.995Z"
  },
  {
    "BuyerName": "annamayya",
    "BuyerAddress": "kakinada",
    "BuyerGST": "",
    "InvoiceNo": "",
    "InvoiceDate": "2025-10-06",
    "InvoiceStateCode": "37",
    "pk": 126,
    "ServerInsertedTimeStamp": "2025-10-06T10:53:21.057Z"
  },
  {
    "BuyerName": "giri",
    "BuyerAddress": "kakinada",
    "BuyerGST": "",
    "InvoiceNo": "",
    "InvoiceDate": "2025-10-06",
    "InvoiceStateCode": "37",
    "pk": 127,
    "ServerInsertedTimeStamp": "2025-10-06T11:14:25.536Z"
  },
  {
    "BuyerName": "joyalukas",
    "BuyerAddress": "kakinada",
    "BuyerGST": "",
    "InvoiceNo": "",
    "InvoiceDate": "2025-10-06",
    "InvoiceStateCode": "37",
    "pk": 128,
    "ServerInsertedTimeStamp": "2025-10-06T11:51:47.513Z"
  },
  {
    "BuyerName": "veerababu",
    "BuyerAddress": "kakinada",
    "BuyerGST": "",
    "InvoiceNo": "",
    "InvoiceDate": "2025-10-06",
    "InvoiceStateCode": "37",
    "pk": 129,
    "ServerInsertedTimeStamp": "2025-10-06T13:23:02.505Z"
  },
  {
    "BuyerName": "platina",
    "BuyerAddress": "kakinada",
    "BuyerGST": "",
    "InvoiceNo": "",
    "InvoiceDate": "2025-10-06",
    "InvoiceStateCode": "37",
    "pk": 130,
    "ServerInsertedTimeStamp": "2025-10-06T13:46:07.564Z"
  },
  {
    "BuyerName": "ali",
    "BuyerAddress": "kakinada",
    "BuyerGST": "",
    "InvoiceNo": "",
    "InvoiceDate": "2025-10-06",
    "InvoiceStateCode": "37",
    "pk": 131,
    "ServerInsertedTimeStamp": "2025-10-06T13:53:16.180Z"
  },
  {
    "BuyerName": "lovaprasad",
    "BuyerAddress": "kakinada",
    "BuyerGST": "",
    "InvoiceNo": "",
    "InvoiceDate": "2025-10-06",
    "InvoiceStateCode": "37",
    "pk": 132,
    "ServerInsertedTimeStamp": "2025-10-06T13:56:33.217Z"
  },
  {
    "BuyerName": "DEVADHULA CHANDRARAO",
    "BuyerAddress": "VELANGI",
    "BuyerGST": "",
    "InvoiceNo": "",
    "InvoiceDate": "2025-10-06",
    "InvoiceStateCode": "37",
    "pk": 133,
    "ServerInsertedTimeStamp": "2025-10-06T14:13:23.599Z"
  },
  {
    "BuyerName": "ANIL",
    "BuyerAddress": "CHOLLANGI",
    "BuyerGST": "",
    "InvoiceNo": "",
    "InvoiceDate": "2025-10-06",
    "InvoiceStateCode": "37",
    "pk": 134,
    "ServerInsertedTimeStamp": "2025-10-06T14:31:37.108Z"
  },
  {
    "BuyerName": "velangi",
    "BuyerAddress": "",
    "BuyerGST": "",
    "InvoiceNo": "",
    "InvoiceDate": "2025-10-06",
    "InvoiceStateCode": "37",
    "pk": 135,
    "ServerInsertedTimeStamp": "2025-10-06T15:10:21.951Z"
  },
  {
    "BuyerName": "vamsi krishna",
    "BuyerAddress": "kakinada",
    "BuyerGST": "",
    "InvoiceNo": "",
    "InvoiceDate": "2025-10-07",
    "InvoiceStateCode": "37",
    "pk": 136,
    "ServerInsertedTimeStamp": "2025-10-07T04:05:49.021Z"
  },
  {
    "BuyerName": "ramakrishna",
    "BuyerAddress": "kakinada",
    "BuyerGST": "",
    "InvoiceNo": "",
    "InvoiceDate": "2025-10-07",
    "InvoiceStateCode": "37",
    "pk": 137,
    "ServerInsertedTimeStamp": "2025-10-07T04:11:50.984Z"
  },
  {
    "BuyerName": "pavan manikanta",
    "BuyerAddress": "kakinada",
    "BuyerGST": "",
    "InvoiceNo": "",
    "InvoiceDate": "2025-10-07",
    "InvoiceStateCode": "37",
    "pk": 138,
    "ServerInsertedTimeStamp": "2025-10-07T04:36:01.374Z"
  },
  {
    "BuyerName": "lovaraju",
    "BuyerAddress": "kakinada",
    "BuyerGST": "",
    "InvoiceNo": "",
    "InvoiceDate": "2025-10-07",
    "InvoiceStateCode": "37",
    "pk": 139,
    "ServerInsertedTimeStamp": "2025-10-07T05:03:42.686Z"
  },
  {
    "BuyerName": "vamsi krishna",
    "BuyerAddress": "kakinada",
    "BuyerGST": "",
    "InvoiceNo": "",
    "InvoiceDate": "2025-10-07",
    "InvoiceStateCode": "37",
    "pk": 140,
    "ServerInsertedTimeStamp": "2025-10-07T05:22:18.385Z"
  },
  {
    "BuyerName": "siva",
    "BuyerAddress": "kakinada",
    "BuyerGST": "",
    "InvoiceNo": "",
    "InvoiceDate": "2025-10-07",
    "InvoiceStateCode": "37",
    "pk": 141,
    "ServerInsertedTimeStamp": "2025-10-07T05:30:42.987Z"
  },
  {
    "BuyerName": "chalapathi rao",
    "BuyerAddress": "kakinada",
    "BuyerGST": "",
    "InvoiceNo": "",
    "InvoiceDate": "2025-10-07",
    "InvoiceStateCode": "37",
    "pk": 142,
    "ServerInsertedTimeStamp": "2025-10-07T05:42:47.900Z"
  },
  {
    "BuyerName": "venkateswara cycles",
    "BuyerAddress": "kakinada",
    "BuyerGST": "",
    "InvoiceNo": "",
    "InvoiceDate": "2025-10-07",
    "InvoiceStateCode": "37",
    "pk": 143,
    "ServerInsertedTimeStamp": "2025-10-07T05:50:59.318Z"
  },
  {
    "BuyerName": "kondalarao",
    "BuyerAddress": "kakinada",
    "BuyerGST": "",
    "InvoiceNo": "",
    "InvoiceDate": "2025-10-07",
    "InvoiceStateCode": "37",
    "pk": 144,
    "ServerInsertedTimeStamp": "2025-10-07T06:44:52.081Z"
  },
  {
    "BuyerName": "gaffer",
    "BuyerAddress": "penuguduru",
    "BuyerGST": "",
    "InvoiceNo": "",
    "InvoiceDate": "2025-10-07",
    "InvoiceStateCode": "37",
    "pk": 145,
    "ServerInsertedTimeStamp": "2025-10-07T06:46:12.693Z"
  },
  {
    "BuyerName": "seelam chakram nagendra",
    "BuyerAddress": "kajuluru",
    "BuyerGST": "",
    "InvoiceNo": "",
    "InvoiceDate": "2025-10-07",
    "InvoiceStateCode": "37",
    "pk": 146,
    "ServerInsertedTimeStamp": "2025-10-07T07:33:16.498Z"
  },
  {
    "BuyerName": "sandeep",
    "BuyerAddress": "kakinada",
    "BuyerGST": "",
    "InvoiceNo": "",
    "InvoiceDate": "2025-10-07",
    "InvoiceStateCode": "37",
    "pk": 147,
    "ServerInsertedTimeStamp": "2025-10-07T07:37:29.725Z"
  },
  {
    "BuyerName": "ADIGARALA SAI GOVINDU",
    "BuyerAddress": "ROWTHULAPUDI,PHONE NO;7842711753",
    "BuyerGST": "ADAR NO;309527320696",
    "InvoiceNo": "",
    "InvoiceDate": "2025-10-07",
    "InvoiceStateCode": "37",
    "pk": 148,
    "ServerInsertedTimeStamp": "2025-10-07T08:53:20.257Z"
  },
  {
    "BuyerName": "LALAM DURGANAGA PRASAD",
    "BuyerAddress": "ROWTHULAPUDI,7997883305",
    "BuyerGST": "ADAR NO:225149783409",
    "InvoiceNo": "",
    "InvoiceDate": "2025-10-07",
    "InvoiceStateCode": "37",
    "pk": 149,
    "ServerInsertedTimeStamp": "2025-10-07T08:54:28.211Z"
  },
  {
    "BuyerName": "KAALLA MANGA",
    "BuyerAddress": "ROWTHULAPUDI,",
    "BuyerGST": "ADAR NO:529965964870",
    "InvoiceNo": "",
    "InvoiceDate": "2025-10-07",
    "InvoiceStateCode": "37",
    "pk": 150,
    "ServerInsertedTimeStamp": "2025-10-07T08:55:13.487Z"
  },
  {
    "BuyerName": "Sri Sai Consultancy",
    "BuyerAddress": "Ramachandrapuram",
    "BuyerGST": "",
    "InvoiceNo": "",
    "InvoiceDate": "2025-10-07",
    "InvoiceStateCode": "37",
    "pk": 151,
    "ServerInsertedTimeStamp": "2025-10-07T11:45:03.619Z"
  },
  {
    "BuyerName": "raju",
    "BuyerAddress": "kakinada",
    "BuyerGST": "",
    "InvoiceNo": "",
    "InvoiceDate": "2025-10-07",
    "InvoiceStateCode": "37",
    "pk": 152,
    "ServerInsertedTimeStamp": "2025-10-07T12:00:09.098Z"
  },
  {
    "BuyerName": "NAIDU",
    "BuyerAddress": "Kakinada",
    "BuyerGST": "",
    "InvoiceNo": "",
    "InvoiceDate": "2025-10-07",
    "InvoiceStateCode": "37",
    "pk": 153,
    "ServerInsertedTimeStamp": "2025-10-07T12:06:29.788Z"
  },
  {
    "BuyerName": "Vijay",
    "BuyerAddress": "Gollaprolu",
    "BuyerGST": "",
    "InvoiceNo": "",
    "InvoiceDate": "2025-10-07",
    "InvoiceStateCode": "37",
    "pk": 154,
    "ServerInsertedTimeStamp": "2025-10-07T12:20:27.458Z"
  },
  {
    "BuyerName": "P Tateelu",
    "BuyerAddress": "Balusutippa",
    "BuyerGST": "",
    "InvoiceNo": "",
    "InvoiceDate": "2025-10-07",
    "InvoiceStateCode": "37",
    "pk": 155,
    "ServerInsertedTimeStamp": "2025-10-07T12:26:46.664Z"
  },
  {
    "BuyerName": "srinu",
    "BuyerAddress": "kakinada",
    "BuyerGST": "",
    "InvoiceNo": "",
    "InvoiceDate": "2025-10-07",
    "InvoiceStateCode": "37",
    "pk": 156,
    "ServerInsertedTimeStamp": "2025-10-07T12:56:35.958Z"
  },
  {
    "BuyerName": "K Veerababu",
    "BuyerAddress": "Jagannaikpur",
    "BuyerGST": "",
    "InvoiceNo": "",
    "InvoiceDate": "2025-10-07",
    "InvoiceStateCode": "37",
    "pk": 157,
    "ServerInsertedTimeStamp": "2025-10-07T13:00:06.465Z"
  },
  {
    "BuyerName": "Vinay",
    "BuyerAddress": "Polavaram",
    "BuyerGST": "",
    "InvoiceNo": "",
    "InvoiceDate": "2025-10-07",
    "InvoiceStateCode": "37",
    "pk": 158,
    "ServerInsertedTimeStamp": "2025-10-07T13:13:11.707Z"
  },
  {
    "BuyerName": "veeraghavulu",
    "BuyerAddress": "chollangi",
    "BuyerGST": "",
    "InvoiceNo": "",
    "InvoiceDate": "2025-10-07",
    "InvoiceStateCode": "37",
    "pk": 159,
    "ServerInsertedTimeStamp": "2025-10-07T13:41:45.689Z"
  },
  {
    "BuyerName": "KVPN REDDY",
    "BuyerAddress": "KAKINADA",
    "BuyerGST": "",
    "InvoiceNo": "",
    "InvoiceDate": "2025-10-07",
    "InvoiceStateCode": "37",
    "pk": 160,
    "ServerInsertedTimeStamp": "2025-10-07T14:07:08.183Z"
  },
  {
    "BuyerName": "DAILY SALE",
    "BuyerAddress": "",
    "BuyerGST": "",
    "InvoiceNo": "",
    "InvoiceDate": "2025-10-08",
    "InvoiceStateCode": "37",
    "pk": 161,
    "ServerInsertedTimeStamp": "2025-10-08T04:49:12.855Z"
  },
  {
    "BuyerName": "sri durga santhosi motors",
    "BuyerAddress": "gollapalem",
    "BuyerGST": "",
    "InvoiceNo": "",
    "InvoiceDate": "2025-10-08",
    "InvoiceStateCode": "37",
    "pk": 162,
    "ServerInsertedTimeStamp": "2025-10-08T05:46:30.654Z"
  },
  {
    "BuyerName": "lovaraju",
    "BuyerAddress": "kakinada",
    "BuyerGST": "",
    "InvoiceNo": "",
    "InvoiceDate": "2025-10-08",
    "InvoiceStateCode": "37",
    "pk": 163,
    "ServerInsertedTimeStamp": "2025-10-08T05:50:19.773Z"
  },
  {
    "BuyerName": "srinu",
    "BuyerAddress": "kakinda",
    "BuyerGST": "",
    "InvoiceNo": "",
    "InvoiceDate": "2025-10-08",
    "InvoiceStateCode": "37",
    "pk": 164,
    "ServerInsertedTimeStamp": "2025-10-08T06:11:00.225Z"
  },
  {
    "BuyerName": "DATTA MANIKANTA AUTO SPARES",
    "BuyerAddress": "PITHAPURAM",
    "BuyerGST": "",
    "InvoiceNo": "",
    "InvoiceDate": "2025-10-08",
    "InvoiceStateCode": "37",
    "pk": 165,
    "ServerInsertedTimeStamp": "2025-10-08T06:21:15.243Z"
  },
  {
    "BuyerName": "ramash",
    "BuyerAddress": "kakinada",
    "BuyerGST": "",
    "InvoiceNo": "",
    "InvoiceDate": "2025-10-08",
    "InvoiceStateCode": "37",
    "pk": 166,
    "ServerInsertedTimeStamp": "2025-10-08T06:54:04.594Z"
  },
  {
    "BuyerName": "raju `",
    "BuyerAddress": "kakinada",
    "BuyerGST": "",
    "InvoiceNo": "",
    "InvoiceDate": "2025-10-08",
    "InvoiceStateCode": "37",
    "pk": 167,
    "ServerInsertedTimeStamp": "2025-10-08T07:11:37.865Z"
  },
  {
    "BuyerName": "sar avater",
    "BuyerAddress": "kakinda",
    "BuyerGST": "",
    "InvoiceNo": "",
    "InvoiceDate": "2025-10-08",
    "InvoiceStateCode": "37",
    "pk": 168,
    "ServerInsertedTimeStamp": "2025-10-08T07:31:42.321Z"
  },
  {
    "BuyerName": "sathibabu",
    "BuyerAddress": "kakinada",
    "BuyerGST": "",
    "InvoiceNo": "",
    "InvoiceDate": "2025-10-08",
    "InvoiceStateCode": "37",
    "pk": 169,
    "ServerInsertedTimeStamp": "2025-10-08T07:38:03.003Z"
  },
  {
    "BuyerName": "badri",
    "BuyerAddress": "kakinada",
    "BuyerGST": "",
    "InvoiceNo": "",
    "InvoiceDate": "2025-10-08",
    "InvoiceStateCode": "37",
    "pk": 170,
    "ServerInsertedTimeStamp": "2025-10-08T07:41:48.981Z"
  },
  {
    "BuyerName": "durga devi consultency",
    "BuyerAddress": "kakinada",
    "BuyerGST": "",
    "InvoiceNo": "",
    "InvoiceDate": "2025-10-08",
    "InvoiceStateCode": "37",
    "pk": 171,
    "ServerInsertedTimeStamp": "2025-10-08T07:43:49.209Z"
  },
  {
    "BuyerName": "siva",
    "BuyerAddress": "kakinada",
    "BuyerGST": "",
    "InvoiceNo": "",
    "InvoiceDate": "2025-10-08",
    "InvoiceStateCode": "37",
    "pk": 172,
    "ServerInsertedTimeStamp": "2025-10-08T07:57:31.032Z"
  },
  {
    "BuyerName": "ANIL TAGORE",
    "BuyerAddress": "CHOLLANGI",
    "BuyerGST": "",
    "InvoiceNo": "",
    "InvoiceDate": "2025-10-08",
    "InvoiceStateCode": "37",
    "pk": 173,
    "ServerInsertedTimeStamp": "2025-10-08T08:10:46.467Z"
  },
  {
    "BuyerName": "sandeep",
    "BuyerAddress": "kakinada",
    "BuyerGST": "",
    "InvoiceNo": "",
    "InvoiceDate": "2025-10-08",
    "InvoiceStateCode": "37",
    "pk": 174,
    "ServerInsertedTimeStamp": "2025-10-08T08:20:02.094Z"
  },
  {
    "BuyerName": "surssh",
    "BuyerAddress": "kakinada",
    "BuyerGST": "",
    "InvoiceNo": "",
    "InvoiceDate": "2025-10-08",
    "InvoiceStateCode": "37",
    "pk": 175,
    "ServerInsertedTimeStamp": "2025-10-08T08:37:49.779Z"
  },
  {
    "BuyerName": "Y SRINU",
    "BuyerAddress": "KAPAVARAM",
    "BuyerGST": "",
    "InvoiceNo": "",
    "InvoiceDate": "2025-10-08",
    "InvoiceStateCode": "37",
    "pk": 176,
    "ServerInsertedTimeStamp": "2025-10-08T09:21:07.388Z"
  },
  {
    "BuyerName": "GOVINDURAJULU AUTO SPARES",
    "BuyerAddress": "GOLLAPALEM",
    "BuyerGST": "",
    "InvoiceNo": "",
    "InvoiceDate": "2025-10-08",
    "InvoiceStateCode": "37",
    "pk": 177,
    "ServerInsertedTimeStamp": "2025-10-08T11:38:08.868Z"
  },
  {
    "BuyerName": "GOVINDURAJULU AUTO SPARES",
    "BuyerAddress": "GOLLAPALEM",
    "BuyerGST": "",
    "InvoiceNo": "",
    "InvoiceDate": "2025-10-08",
    "InvoiceStateCode": "37",
    "pk": 178,
    "ServerInsertedTimeStamp": "2025-10-08T11:46:04.113Z"
  },
  {
    "BuyerName": "SRI VENKATESWARA AUTOMOBILES",
    "BuyerAddress": "Gaigalapadu",
    "BuyerGST": "",
    "InvoiceNo": "",
    "InvoiceDate": "2025-10-08",
    "InvoiceStateCode": "37",
    "pk": 179,
    "ServerInsertedTimeStamp": "2025-10-08T12:08:33.768Z",
    "BuyerMobile": 9848928885
  },
  {
    "BuyerName": "Rakesh",
    "BuyerAddress": "KAKINADA",
    "BuyerGST": "",
    "InvoiceNo": "",
    "InvoiceDate": "2025-10-08",
    "InvoiceStateCode": "37",
    "pk": 180,
    "ServerInsertedTimeStamp": "2025-10-08T12:33:39.636Z"
  },
  {
    "BuyerName": "siva bike care",
    "BuyerAddress": "rajupalem",
    "BuyerMobile": "9553603387",
    "BuyerGST": "",
    "InvoiceNo": "",
    "InvoiceDate": "2025-10-08",
    "InvoiceStateCode": "37",
    "pk": 181,
    "ServerInsertedTimeStamp": "2025-10-08T13:46:12.815Z"
  },
  {
    "BuyerName": "narendra kumar",
    "BuyerAddress": "kakinada",
    "BuyerMobile": "7075762737",
    "BuyerGST": "",
    "InvoiceNo": "",
    "InvoiceDate": "2025-10-08",
    "InvoiceStateCode": "37",
    "pk": 182,
    "ServerInsertedTimeStamp": "2025-10-08T14:19:31.155Z"
  },
  {
    "BuyerName": "as automobiles",
    "BuyerAddress": "pedapudi",
    "BuyerMobile": "7032296315",
    "BuyerGST": "",
    "InvoiceNo": "",
    "InvoiceDate": "2025-10-08",
    "InvoiceStateCode": "37",
    "pk": 183,
    "ServerInsertedTimeStamp": "2025-10-08T14:25:28.731Z"
  },
  {
    "BuyerName": "Generator Srinu",
    "BuyerAddress": "Near Reliance Mart Kakinada",
    "BuyerMobile": "9010222996",
    "BuyerGST": "",
    "InvoiceNo": "",
    "InvoiceDate": "2025-10-08",
    "InvoiceStateCode": "37",
    "pk": 184,
    "ServerInsertedTimeStamp": "2025-10-08T14:39:24.999Z"
  },
  {
    "BuyerName": "Paradesh",
    "BuyerAddress": "Penuguduru",
    "BuyerMobile": "9959086348",
    "BuyerGST": "",
    "InvoiceNo": "",
    "InvoiceDate": "2025-10-08",
    "InvoiceStateCode": "37",
    "pk": 185,
    "ServerInsertedTimeStamp": "2025-10-08T14:57:28.402Z"
  },
  {
    "BuyerName": "govindhurajulu auto spares",
    "BuyerAddress": "gollapalm",
    "BuyerMobile": "9490526415",
    "BuyerGST": "",
    "InvoiceNo": "",
    "InvoiceDate": "2025-10-08",
    "InvoiceStateCode": "37",
    "pk": 186,
    "ServerInsertedTimeStamp": "2025-10-08T16:12:42.145Z"
  },
  {
    "BuyerName": "allu suryanarayana",
    "BuyerAddress": "kakinada",
    "BuyerMobile": "9441105681",
    "BuyerGST": "",
    "InvoiceNo": "",
    "InvoiceDate": "2025-10-09",
    "InvoiceStateCode": "37",
    "pk": 187,
    "ServerInsertedTimeStamp": "2025-10-09T03:26:56.229Z"
  },
  {
    "BuyerName": "veerababu",
    "BuyerAddress": "kakinada",
    "BuyerMobile": "9963748263",
    "BuyerGST": "",
    "InvoiceNo": "",
    "InvoiceDate": "2025-10-09",
    "InvoiceStateCode": "37",
    "pk": 188,
    "ServerInsertedTimeStamp": "2025-10-09T03:42:08.507Z"
  },
  {
    "BuyerName": "bhaskar",
    "BuyerAddress": "tallarevu",
    "BuyerMobile": "9849211739",
    "BuyerGST": "",
    "InvoiceNo": "",
    "InvoiceDate": "2025-10-09",
    "InvoiceStateCode": "37",
    "pk": 189,
    "ServerInsertedTimeStamp": "2025-10-09T04:37:37.057Z"
  },
  {
    "BuyerName": "ganesh cycle",
    "BuyerAddress": "kakinada",
    "BuyerMobile": "9490478117",
    "BuyerGST": "",
    "InvoiceNo": "",
    "InvoiceDate": "2025-10-09",
    "InvoiceStateCode": "37",
    "pk": 190,
    "ServerInsertedTimeStamp": "2025-10-09T05:04:30.056Z"
  },
  {
    "BuyerName": "venkataramana",
    "BuyerAddress": "chollangi",
    "BuyerMobile": "9849782129",
    "BuyerGST": "",
    "InvoiceNo": "",
    "InvoiceDate": "2025-10-09",
    "InvoiceStateCode": "37",
    "pk": 191,
    "ServerInsertedTimeStamp": "2025-10-09T05:07:44.041Z"
  },
  {
    "BuyerName": "eswararao",
    "BuyerAddress": "kakinada",
    "BuyerMobile": "9398369933",
    "BuyerGST": "",
    "InvoiceNo": "",
    "InvoiceDate": "2025-10-09",
    "InvoiceStateCode": "37",
    "pk": 192,
    "ServerInsertedTimeStamp": "2025-10-09T05:25:39.403Z"
  },
  {
    "BuyerName": "laxman",
    "BuyerAddress": "kakinada",
    "BuyerMobile": "9666087884",
    "BuyerGST": "",
    "InvoiceNo": "",
    "InvoiceDate": "2025-10-09",
    "InvoiceStateCode": "37",
    "pk": 193,
    "ServerInsertedTimeStamp": "2025-10-09T05:26:56.870Z"
  },
  {
    "BuyerName": "suribabu",
    "BuyerAddress": "nadakuduru",
    "BuyerMobile": "9848971214",
    "BuyerGST": "",
    "InvoiceNo": "",
    "InvoiceDate": "2025-10-09",
    "InvoiceStateCode": "37",
    "pk": 194,
    "ServerInsertedTimeStamp": "2025-10-09T05:48:49.656Z"
  },
  {
    "BuyerName": "nanaji garu",
    "BuyerAddress": "gollaprolu",
    "BuyerMobile": "9959347083",
    "BuyerGST": "",
    "InvoiceNo": "",
    "InvoiceDate": "2025-10-09",
    "InvoiceStateCode": "37",
    "pk": 195,
    "ServerInsertedTimeStamp": "2025-10-09T06:35:20.562Z"
  },
  {
    "BuyerName": "srinivas",
    "BuyerAddress": "kakinada",
    "BuyerMobile": "9866319488",
    "BuyerGST": "",
    "InvoiceNo": "",
    "InvoiceDate": "2025-10-09",
    "InvoiceStateCode": "37",
    "pk": 196,
    "ServerInsertedTimeStamp": "2025-10-09T06:57:37.788Z"
  },
  {
    "BuyerName": "rambabu garu",
    "BuyerAddress": "kakinada",
    "BuyerMobile": "",
    "BuyerGST": "",
    "InvoiceNo": "",
    "InvoiceDate": "2025-10-09",
    "InvoiceStateCode": "37",
    "pk": 197,
    "ServerInsertedTimeStamp": "2025-10-09T07:03:01.318Z"
  },
  {
    "BuyerName": "veerapparao",
    "BuyerAddress": "kakinada",
    "BuyerMobile": "9951693840",
    "BuyerGST": "",
    "InvoiceNo": "",
    "InvoiceDate": "2025-10-09",
    "InvoiceStateCode": "37",
    "pk": 198,
    "ServerInsertedTimeStamp": "2025-10-09T07:24:50.838Z"
  },
  {
    "BuyerName": "A S AUTOMOBILES",
    "BuyerAddress": "PEDAPUDI",
    "BuyerMobile": "7032296315",
    "BuyerGST": "",
    "InvoiceNo": "",
    "InvoiceDate": "2025-10-09",
    "InvoiceStateCode": "37",
    "pk": 199,
    "ServerInsertedTimeStamp": "2025-10-09T07:27:04.643Z"
  },
  {
    "BuyerName": "anji",
    "BuyerAddress": "karapa",
    "BuyerMobile": "7382652147",
    "BuyerGST": "",
    "InvoiceNo": "",
    "InvoiceDate": "2025-10-09",
    "InvoiceStateCode": "37",
    "pk": 200,
    "ServerInsertedTimeStamp": "2025-10-09T07:46:45.263Z"
  },
  {
    "BuyerName": "u srinivasarao",
    "BuyerAddress": "kirlampudi",
    "BuyerMobile": "6301317161",
    "BuyerGST": "",
    "InvoiceNo": "",
    "InvoiceDate": "2025-10-09",
    "InvoiceStateCode": "37",
    "pk": 201,
    "ServerInsertedTimeStamp": "2025-10-09T08:34:56.557Z"
  },
  {
    "BuyerName": "ESWARAO",
    "BuyerAddress": "KAKINADA",
    "BuyerMobile": "9966542018",
    "BuyerGST": "",
    "InvoiceNo": "",
    "InvoiceDate": "2025-10-09",
    "InvoiceStateCode": "37",
    "pk": 202,
    "ServerInsertedTimeStamp": "2025-10-09T08:37:20.659Z"
  },
  {
    "BuyerName": "m satyanarayana",
    "BuyerAddress": "peddapuram",
    "BuyerMobile": "9505218531",
    "BuyerGST": "",
    "InvoiceNo": "",
    "InvoiceDate": "2025-10-09",
    "InvoiceStateCode": "37",
    "pk": 203,
    "ServerInsertedTimeStamp": "2025-10-09T09:43:44.731Z"
  },
  {
    "BuyerName": "chennupati",
    "BuyerAddress": "kakinada",
    "BuyerMobile": "9701988757",
    "BuyerGST": "",
    "InvoiceNo": "",
    "InvoiceDate": "2025-10-09",
    "InvoiceStateCode": "37",
    "pk": 204,
    "ServerInsertedTimeStamp": "2025-10-09T10:15:19.544Z"
  },
  {
    "BuyerName": "ramana",
    "BuyerAddress": "velangi",
    "BuyerMobile": "8074324449",
    "BuyerGST": "",
    "InvoiceNo": "",
    "InvoiceDate": "2025-10-09",
    "InvoiceStateCode": "37",
    "pk": 205,
    "ServerInsertedTimeStamp": "2025-10-09T10:27:16.302Z"
  },
  {
    "BuyerName": "n sunwel",
    "BuyerAddress": "kakinada",
    "BuyerMobile": "9963434208",
    "BuyerGST": "",
    "InvoiceNo": "",
    "InvoiceDate": "2025-10-09",
    "InvoiceStateCode": "37",
    "pk": 206,
    "ServerInsertedTimeStamp": "2025-10-09T11:19:25.856Z"
  },
  {
    "BuyerName": "YASIN AUTO CONSULTENCY",
    "BuyerAddress": "PEDDAPURAM",
    "BuyerMobile": "9959039554",
    "BuyerGST": "",
    "InvoiceNo": "",
    "InvoiceDate": "2025-10-09",
    "InvoiceStateCode": "37",
    "pk": 207,
    "ServerInsertedTimeStamp": "2025-10-09T12:54:28.111Z"
  },
  {
    "BuyerName": "ANANTHALAXMI MOTORS",
    "BuyerAddress": "PRATHIPADU",
    "BuyerMobile": "9676178888",
    "BuyerGST": "",
    "InvoiceNo": "",
    "InvoiceDate": "2025-10-09",
    "InvoiceStateCode": "37",
    "pk": 208,
    "ServerInsertedTimeStamp": "2025-10-09T13:29:22.757Z"
  },
  {
    "BuyerName": "swamy",
    "BuyerAddress": "chitrada",
    "BuyerMobile": "7997675890",
    "BuyerGST": "",
    "InvoiceNo": "",
    "InvoiceDate": "2025-10-09",
    "InvoiceStateCode": "37",
    "pk": 209,
    "ServerInsertedTimeStamp": "2025-10-09T13:47:36.119Z"
  },
  {
    "BuyerName": "Trinath automobiles",
    "BuyerAddress": "prathipadu",
    "BuyerMobile": "9848283609",
    "BuyerGST": "",
    "InvoiceNo": "",
    "InvoiceDate": "2025-10-09",
    "InvoiceStateCode": "37",
    "pk": 210,
    "ServerInsertedTimeStamp": "2025-10-09T15:04:21.914Z"
  },
  {
    "BuyerName": "siva shakthi janatha garage",
    "BuyerAddress": "divili",
    "BuyerMobile": "8688247855",
    "BuyerGST": "",
    "InvoiceNo": "",
    "InvoiceDate": "2025-10-09",
    "InvoiceStateCode": "37",
    "pk": 211,
    "ServerInsertedTimeStamp": "2025-10-09T15:35:01.942Z"
  },
  {
    "BuyerName": "siva shakti janatha garage",
    "BuyerAddress": "divili",
    "BuyerMobile": "8688247855",
    "BuyerGST": "",
    "InvoiceNo": "",
    "InvoiceDate": "2025-10-09",
    "InvoiceStateCode": "37",
    "pk": 212,
    "ServerInsertedTimeStamp": "2025-10-09T15:45:19.862Z"
  },
  {
    "BuyerName": "rajesh",
    "BuyerAddress": "kakinada",
    "BuyerMobile": "9542352537",
    "BuyerGST": "",
    "InvoiceNo": "",
    "InvoiceDate": "2025-10-10",
    "InvoiceStateCode": "37",
    "pk": 213,
    "ServerInsertedTimeStamp": "2025-10-10T03:54:55.088Z"
  },
  {
    "BuyerName": "omkar",
    "BuyerAddress": "kakinada",
    "BuyerMobile": "9505505005",
    "BuyerGST": "",
    "InvoiceNo": "",
    "InvoiceDate": "2025-10-10",
    "InvoiceStateCode": "37",
    "pk": 214,
    "ServerInsertedTimeStamp": "2025-10-10T04:42:51.395Z"
  },
  {
    "BuyerName": "krishna",
    "BuyerAddress": "kakinada",
    "BuyerMobile": "9866414816",
    "BuyerGST": "",
    "InvoiceNo": "",
    "InvoiceDate": "2025-10-10",
    "InvoiceStateCode": "37",
    "pk": 215,
    "ServerInsertedTimeStamp": "2025-10-10T05:01:11.159Z"
  },
  {
    "BuyerName": "P R L V Prasad",
    "BuyerAddress": "Kakinada",
    "BuyerMobile": "",
    "BuyerGST": "",
    "InvoiceNo": "",
    "InvoiceDate": "2025-10-10",
    "InvoiceStateCode": "37",
    "pk": 216,
    "ServerInsertedTimeStamp": "2025-10-10T05:37:58.613Z"
  },
  {
    "BuyerName": "sathibabu",
    "BuyerAddress": "kakinada",
    "BuyerMobile": "",
    "BuyerGST": "",
    "InvoiceNo": "",
    "InvoiceDate": "2025-10-10",
    "InvoiceStateCode": "37",
    "pk": 217,
    "ServerInsertedTimeStamp": "2025-10-10T06:08:07.803Z"
  },
  {
    "BuyerName": "surya chandra prasad",
    "BuyerAddress": "chandrapalem",
    "BuyerMobile": "9959218670",
    "BuyerGST": "",
    "InvoiceNo": "",
    "InvoiceDate": "2025-10-10",
    "InvoiceStateCode": "37",
    "pk": 218,
    "ServerInsertedTimeStamp": "2025-10-10T07:04:58.554Z"
  },
  {
    "BuyerName": "mani",
    "BuyerAddress": "divili",
    "BuyerMobile": "9912532180",
    "BuyerGST": "",
    "InvoiceNo": "",
    "InvoiceDate": "2025-10-10",
    "InvoiceStateCode": "37",
    "pk": 219,
    "ServerInsertedTimeStamp": "2025-10-10T07:09:47.518Z"
  },
  {
    "BuyerName": "vaishnavi auto consultency",
    "BuyerAddress": "pithapuram",
    "BuyerMobile": "7013540866",
    "BuyerGST": "",
    "InvoiceNo": "",
    "InvoiceDate": "2025-10-10",
    "InvoiceStateCode": "37",
    "pk": 220,
    "ServerInsertedTimeStamp": "2025-10-10T08:02:23.639Z"
  },
  {
    "BuyerName": "vaishnavi auto consultency",
    "BuyerAddress": "pithapuram",
    "BuyerMobile": "7013540866",
    "BuyerGST": "",
    "InvoiceNo": "",
    "InvoiceDate": "2025-10-10",
    "InvoiceStateCode": "37",
    "pk": 221,
    "ServerInsertedTimeStamp": "2025-10-10T08:12:23.887Z"
  },
  {
    "BuyerName": "govindhurajulu auto spares",
    "BuyerAddress": "gollapalem",
    "BuyerMobile": "9490526415",
    "BuyerGST": "",
    "InvoiceNo": "",
    "InvoiceDate": "2025-10-10",
    "InvoiceStateCode": "37",
    "pk": 222,
    "ServerInsertedTimeStamp": "2025-10-10T08:19:23.199Z"
  },
  {
    "BuyerName": "nanaji garu",
    "BuyerAddress": "gollaprolu",
    "BuyerMobile": "9959347083",
    "BuyerGST": "",
    "InvoiceNo": "",
    "InvoiceDate": "2025-10-10",
    "InvoiceStateCode": "37",
    "pk": 223,
    "ServerInsertedTimeStamp": "2025-10-10T08:35:15.661Z"
  },
  {
    "BuyerName": "ramana",
    "BuyerAddress": "kakinada",
    "BuyerMobile": "9908144909",
    "BuyerGST": "",
    "InvoiceNo": "",
    "InvoiceDate": "2025-10-10",
    "InvoiceStateCode": "37",
    "pk": 224,
    "ServerInsertedTimeStamp": "2025-10-10T09:01:36.226Z"
  },
  {
    "BuyerName": "bramham garu",
    "BuyerAddress": "kakinada",
    "BuyerMobile": "",
    "BuyerGST": "",
    "InvoiceNo": "",
    "InvoiceDate": "2025-10-10",
    "InvoiceStateCode": "37",
    "pk": 225,
    "ServerInsertedTimeStamp": "2025-10-10T09:13:12.041Z"
  },
  {
    "BuyerName": "jahangeern",
    "BuyerAddress": "kakinada",
    "BuyerMobile": "",
    "BuyerGST": "",
    "InvoiceNo": "",
    "InvoiceDate": "2025-10-10",
    "InvoiceStateCode": "37",
    "pk": 226,
    "ServerInsertedTimeStamp": "2025-10-10T09:15:33.615Z"
  },
  {
    "BuyerName": "SRI VARUN AQUA ENTERPRISES",
    "BuyerAddress": "KAKINADA",
    "BuyerMobile": "7702200401",
    "BuyerGST": "37ABCFS3402M1Z4",
    "InvoiceNo": "",
    "InvoiceDate": "2025-10-10",
    "InvoiceStateCode": "37",
    "pk": 227,
    "ServerInsertedTimeStamp": "2025-10-10T09:37:25.679Z"
  },
  {
    "BuyerName": "siva",
    "BuyerAddress": "chollangi",
    "BuyerMobile": "9908300542",
    "BuyerGST": "",
    "InvoiceNo": "",
    "InvoiceDate": "2025-10-10",
    "InvoiceStateCode": "37",
    "pk": 228,
    "ServerInsertedTimeStamp": "2025-10-10T09:57:03.316Z"
  },
  {
    "BuyerName": "b ramash kumar",
    "BuyerAddress": "kakinada",
    "BuyerMobile": "6301193593",
    "BuyerGST": "",
    "InvoiceNo": "",
    "InvoiceDate": "2025-10-10",
    "InvoiceStateCode": "37",
    "pk": 229,
    "ServerInsertedTimeStamp": "2025-10-10T10:11:28.620Z"
  },
  {
    "BuyerName": "kondalarao s",
    "BuyerAddress": "thimmapuram",
    "BuyerMobile": "",
    "BuyerGST": "",
    "InvoiceNo": "",
    "InvoiceDate": "2025-10-10",
    "InvoiceStateCode": "37",
    "pk": 230,
    "ServerInsertedTimeStamp": "2025-10-10T11:10:25.495Z"
  },
  {
    "BuyerName": "ch rangarao",
    "BuyerAddress": "nadakuduru",
    "BuyerMobile": "8309641681",
    "BuyerGST": "",
    "InvoiceNo": "",
    "InvoiceDate": "2025-10-10",
    "InvoiceStateCode": "37",
    "pk": 231,
    "ServerInsertedTimeStamp": "2025-10-10T11:43:39.221Z"
  },
  {
    "BuyerName": "devadula chandrarao",
    "BuyerAddress": "velangi",
    "BuyerMobile": "9908454559",
    "BuyerGST": "",
    "InvoiceNo": "",
    "InvoiceDate": "2025-10-10",
    "InvoiceStateCode": "37",
    "pk": 232,
    "ServerInsertedTimeStamp": "2025-10-10T13:35:00.718Z"
  },
  {
    "BuyerName": "SRI VAISHNAVI AUTO CONSULTENCY",
    "BuyerAddress": "PITHAPURAM",
    "BuyerMobile": "7013540866",
    "BuyerGST": "",
    "InvoiceNo": "",
    "InvoiceDate": "2025-10-10",
    "InvoiceStateCode": "37",
    "pk": 233,
    "ServerInsertedTimeStamp": "2025-10-10T13:44:34.781Z"
  },
  {
    "BuyerName": "ramu",
    "BuyerAddress": "kakinada",
    "BuyerMobile": "8309124771",
    "BuyerGST": "",
    "InvoiceNo": "",
    "InvoiceDate": "2025-10-10",
    "InvoiceStateCode": "37",
    "pk": 234,
    "ServerInsertedTimeStamp": "2025-10-10T13:56:03.502Z"
  },
  {
    "BuyerName": "srinivasa auto spares",
    "BuyerAddress": "chollangi",
    "BuyerMobile": "9642821319",
    "BuyerGST": "",
    "InvoiceNo": "",
    "InvoiceDate": "2025-10-10",
    "InvoiceStateCode": "37",
    "pk": 235,
    "ServerInsertedTimeStamp": "2025-10-10T14:38:50.855Z"
  },
  {
    "BuyerName": "ramu",
    "BuyerAddress": "kakinada",
    "BuyerMobile": "",
    "BuyerGST": "",
    "InvoiceNo": "",
    "InvoiceDate": "2025-10-10",
    "InvoiceStateCode": "37",
    "pk": 236,
    "ServerInsertedTimeStamp": "2025-10-10T15:03:25.512Z"
  },
  {
    "BuyerName": "A S AUTOMOBILES",
    "BuyerAddress": "PEDAPUDI",
    "BuyerMobile": "7032296315",
    "BuyerGST": "",
    "InvoiceNo": "",
    "InvoiceDate": "2025-10-10",
    "InvoiceStateCode": "37",
    "pk": 237,
    "ServerInsertedTimeStamp": "2025-10-10T15:21:01.237Z"
  },
  {
    "BuyerName": "BHASKAR",
    "BuyerAddress": "NADAKUDURU",
    "BuyerMobile": "9701210055",
    "BuyerGST": "",
    "InvoiceNo": "",
    "InvoiceDate": "2025-10-10",
    "InvoiceStateCode": "37",
    "pk": 238,
    "ServerInsertedTimeStamp": "2025-10-10T15:55:26.735Z"
  },
  {
    "BuyerName": "GOVINUNDHU RAJULA AUTO SPARES",
    "BuyerAddress": "GOLLAPALEM",
    "BuyerMobile": "9490526415",
    "BuyerGST": "",
    "InvoiceNo": "",
    "InvoiceDate": "2025-10-10",
    "InvoiceStateCode": "37",
    "pk": 239,
    "ServerInsertedTimeStamp": "2025-10-10T16:24:08.511Z"
  },
  {
    "BuyerName": "apparao",
    "BuyerAddress": "kakinada",
    "BuyerMobile": "",
    "BuyerGST": "",
    "InvoiceNo": "",
    "InvoiceDate": "2025-10-11",
    "InvoiceStateCode": "37",
    "pk": 240,
    "ServerInsertedTimeStamp": "2025-10-11T03:45:12.902Z"
  },
  {
    "BuyerName": "SRI LALITHA TVS",
    "BuyerAddress": "PITHAPURAM",
    "BuyerMobile": "9848544779",
    "BuyerGST": "",
    "InvoiceNo": "",
    "InvoiceDate": "2025-10-11",
    "InvoiceStateCode": "37",
    "pk": 241,
    "ServerInsertedTimeStamp": "2025-10-11T03:50:09.677Z"
  },
  {
    "BuyerName": "laxminarayana",
    "BuyerAddress": "chollangi",
    "BuyerMobile": "9948037354",
    "BuyerGST": "",
    "InvoiceNo": "",
    "InvoiceDate": "2025-10-11",
    "InvoiceStateCode": "37",
    "pk": 242,
    "ServerInsertedTimeStamp": "2025-10-11T04:36:54.014Z"
  },
  {
    "BuyerName": "Janaki Ram",
    "BuyerAddress": "Matlapalem",
    "BuyerMobile": "",
    "BuyerGST": "",
    "InvoiceNo": "",
    "InvoiceDate": "2025-10-11",
    "InvoiceStateCode": "37",
    "pk": 243,
    "ServerInsertedTimeStamp": "2025-10-11T05:19:24.612Z"
  },
  {
    "BuyerName": "DATTA MANIKANTA AUTOMOBILES",
    "BuyerAddress": "PITHAPURAM",
    "BuyerMobile": "9866004208",
    "BuyerGST": "",
    "InvoiceNo": "",
    "InvoiceDate": "2025-10-11",
    "InvoiceStateCode": "37",
    "pk": 244,
    "ServerInsertedTimeStamp": "2025-10-11T05:30:38.352Z"
  },
  {
    "BuyerName": "ACHIRAJU",
    "BuyerAddress": "ACHUTHAPURAM",
    "BuyerMobile": "",
    "BuyerGST": "",
    "InvoiceNo": "",
    "InvoiceDate": "2025-10-11",
    "InvoiceStateCode": "37",
    "pk": 245,
    "ServerInsertedTimeStamp": "2025-10-11T05:33:28.107Z"
  },
  {
    "BuyerName": "VARA PRASAD",
    "BuyerAddress": "KAkinada",
    "BuyerMobile": "8317533975",
    "BuyerGST": "",
    "InvoiceNo": "",
    "InvoiceDate": "2025-10-11",
    "InvoiceStateCode": "37",
    "pk": 246,
    "ServerInsertedTimeStamp": "2025-10-11T05:48:45.339Z"
  },
  {
    "BuyerName": "balu",
    "BuyerAddress": "kakinada",
    "BuyerMobile": "9848410125",
    "BuyerGST": "",
    "InvoiceNo": "",
    "InvoiceDate": "2025-10-11",
    "InvoiceStateCode": "37",
    "pk": 247,
    "ServerInsertedTimeStamp": "2025-10-11T06:28:36.394Z"
  },
  {
    "BuyerName": "RAMU",
    "BuyerAddress": "KAKINADA",
    "BuyerMobile": "9848615631",
    "BuyerGST": "",
    "InvoiceNo": "",
    "InvoiceDate": "2025-10-11",
    "InvoiceStateCode": "37",
    "pk": 248,
    "ServerInsertedTimeStamp": "2025-10-11T08:07:22.016Z"
  },
  {
    "BuyerName": "siva",
    "BuyerAddress": "kakinda",
    "BuyerMobile": "8106713582",
    "BuyerGST": "",
    "InvoiceNo": "",
    "InvoiceDate": "2025-10-11",
    "InvoiceStateCode": "37",
    "pk": 249,
    "ServerInsertedTimeStamp": "2025-10-11T10:01:59.920Z"
  },
  {
    "BuyerName": "Kiran",
    "BuyerAddress": "Kakinada",
    "BuyerMobile": "7730877998",
    "BuyerGST": "",
    "InvoiceNo": "",
    "InvoiceDate": "2025-10-11",
    "InvoiceStateCode": "37",
    "pk": 250,
    "ServerInsertedTimeStamp": "2025-10-11T10:24:46.097Z"
  },
  {
    "BuyerName": "n vinay",
    "BuyerAddress": "gollaprolu",
    "BuyerMobile": "9391113520",
    "BuyerGST": "",
    "InvoiceNo": "",
    "InvoiceDate": "2025-10-11",
    "InvoiceStateCode": "37",
    "pk": 251,
    "ServerInsertedTimeStamp": "2025-10-11T10:34:48.132Z"
  },
  {
    "BuyerName": "Anil",
    "BuyerAddress": "Kakinada",
    "BuyerMobile": "9381376345",
    "BuyerGST": "",
    "InvoiceNo": "",
    "InvoiceDate": "2025-10-11",
    "InvoiceStateCode": "37",
    "pk": 252,
    "ServerInsertedTimeStamp": "2025-10-11T10:51:21.382Z"
  },
  {
    "BuyerName": "m sai",
    "BuyerAddress": "kakinada",
    "BuyerMobile": "9603863572",
    "BuyerGST": "",
    "InvoiceNo": "",
    "InvoiceDate": "2025-10-11",
    "InvoiceStateCode": "37",
    "pk": 253,
    "ServerInsertedTimeStamp": "2025-10-11T11:35:50.212Z"
  },
  {
    "BuyerName": "m sai",
    "BuyerAddress": "kakinada",
    "BuyerMobile": "9603863572",
    "BuyerGST": "",
    "InvoiceNo": "",
    "InvoiceDate": "2025-10-11",
    "InvoiceStateCode": "37",
    "pk": 254,
    "ServerInsertedTimeStamp": "2025-10-11T11:35:50.268Z"
  },
  {
    "BuyerName": "venkateswara cycles",
    "BuyerAddress": "g mamidada",
    "BuyerMobile": "9347907988",
    "BuyerGST": "",
    "InvoiceNo": "",
    "InvoiceDate": "2025-10-11",
    "InvoiceStateCode": "37",
    "pk": 255,
    "ServerInsertedTimeStamp": "2025-10-11T12:42:17.019Z"
  },
  {
    "BuyerName": "LOVARAJU",
    "BuyerAddress": "DIVILI",
    "BuyerMobile": "9959382573",
    "BuyerGST": "",
    "InvoiceNo": "",
    "InvoiceDate": "2025-10-11",
    "InvoiceStateCode": "37",
    "pk": 256,
    "ServerInsertedTimeStamp": "2025-10-11T12:59:48.180Z"
  },
  {
    "BuyerName": "ramu",
    "BuyerAddress": "kakinada",
    "BuyerMobile": "9848615631",
    "BuyerGST": "",
    "InvoiceNo": "",
    "InvoiceDate": "2025-10-11",
    "InvoiceStateCode": "37",
    "pk": 257,
    "ServerInsertedTimeStamp": "2025-10-11T13:18:53.900Z"
  },
  {
    "BuyerName": "Trinath automobiles",
    "BuyerAddress": "prathipadu",
    "BuyerMobile": "9848283609",
    "BuyerGST": "",
    "InvoiceNo": "",
    "InvoiceDate": "2025-10-11",
    "InvoiceStateCode": "37",
    "pk": 258,
    "ServerInsertedTimeStamp": "2025-10-11T13:48:29.403Z"
  },
  {
    "BuyerName": "SRI PRIYA SWEETS",
    "BuyerAddress": "KAKINADA",
    "BuyerMobile": "9963110101",
    "BuyerGST": "",
    "InvoiceNo": "",
    "InvoiceDate": "2025-10-11",
    "InvoiceStateCode": "37",
    "pk": 259,
    "ServerInsertedTimeStamp": "2025-10-11T14:20:25.041Z"
  },
  {
    "BuyerName": "vaishnavi auto consultency",
    "BuyerAddress": "pithapuram",
    "BuyerMobile": "7013540866",
    "BuyerGST": "",
    "InvoiceNo": "",
    "InvoiceDate": "2025-10-11",
    "InvoiceStateCode": "37",
    "pk": 260,
    "ServerInsertedTimeStamp": "2025-10-11T16:11:55.777Z"
  },
  {
    "BuyerName": "Surendra",
    "BuyerAddress": "Kakinada",
    "BuyerMobile": "9849800896",
    "BuyerGST": "",
    "InvoiceNo": "",
    "InvoiceDate": "2025-10-12",
    "InvoiceStateCode": "37",
    "pk": 261,
    "ServerInsertedTimeStamp": "2025-10-12T05:44:54.784Z"
  },
  {
    "BuyerName": "Durga Prasad",
    "BuyerAddress": "Kakinada",
    "BuyerMobile": "9948514332",
    "BuyerGST": "",
    "InvoiceNo": "",
    "InvoiceDate": "2025-10-12",
    "InvoiceStateCode": "37",
    "pk": 262,
    "ServerInsertedTimeStamp": "2025-10-12T05:51:02.268Z"
  },
  {
    "BuyerName": "Durga Prasad",
    "BuyerAddress": "Kakinada",
    "BuyerMobile": "9347514806",
    "BuyerGST": "",
    "InvoiceNo": "",
    "InvoiceDate": "2025-10-12",
    "InvoiceStateCode": "37",
    "pk": 263,
    "ServerInsertedTimeStamp": "2025-10-12T05:53:23.235Z"
  },
  {
    "BuyerName": "Nanaji",
    "BuyerAddress": "Gollaprolu",
    "BuyerMobile": "9959347083",
    "BuyerGST": "",
    "InvoiceNo": "",
    "InvoiceDate": "2025-10-12",
    "InvoiceStateCode": "37",
    "pk": 264,
    "ServerInsertedTimeStamp": "2025-10-12T05:56:06.424Z"
  },
  {
    "BuyerName": "Siva bike care",
    "BuyerAddress": "Rajupalem",
    "BuyerMobile": "9553603387",
    "BuyerGST": "",
    "InvoiceNo": "",
    "InvoiceDate": "2025-10-12",
    "InvoiceStateCode": "37",
    "pk": 265,
    "ServerInsertedTimeStamp": "2025-10-12T06:06:40.920Z"
  },
  {
    "BuyerName": "venkateswara cycles",
    "BuyerAddress": "g mamidada",
    "BuyerMobile": "9347907988",
    "BuyerGST": "",
    "InvoiceNo": "",
    "InvoiceDate": "2025-10-12",
    "InvoiceStateCode": "37",
    "pk": 266,
    "ServerInsertedTimeStamp": "2025-10-12T06:27:33.076Z"
  },
  {
    "BuyerName": "ramu kakinada",
    "BuyerAddress": "9848615631",
    "BuyerMobile": "",
    "BuyerGST": "",
    "InvoiceNo": "",
    "InvoiceDate": "2025-10-12",
    "InvoiceStateCode": "37",
    "pk": 267,
    "ServerInsertedTimeStamp": "2025-10-12T06:38:49.096Z"
  },
  {
    "BuyerName": "balaram garu",
    "BuyerAddress": "kakinada",
    "BuyerMobile": "9493337077",
    "BuyerGST": "",
    "InvoiceNo": "",
    "InvoiceDate": "2025-10-12",
    "InvoiceStateCode": "37",
    "pk": 268,
    "ServerInsertedTimeStamp": "2025-10-12T06:54:41.153Z"
  },
  {
    "BuyerName": "d srinivas",
    "BuyerAddress": "karapa",
    "BuyerMobile": "81219237405",
    "BuyerGST": "",
    "InvoiceNo": "",
    "InvoiceDate": "2025-10-12",
    "InvoiceStateCode": "37",
    "pk": 269,
    "ServerInsertedTimeStamp": "2025-10-12T07:11:38.595Z"
  },
  {
    "BuyerName": "ESWARAO",
    "BuyerAddress": "kakinada",
    "BuyerMobile": "9581834849",
    "BuyerGST": "",
    "InvoiceNo": "",
    "InvoiceDate": "2025-10-13",
    "InvoiceStateCode": "37",
    "pk": 270,
    "ServerInsertedTimeStamp": "2025-10-13T05:22:41.706Z"
  },
  {
    "BuyerName": "srinivasa auto spares anil",
    "BuyerAddress": "chollangi",
    "BuyerMobile": "9642821319",
    "BuyerGST": "",
    "InvoiceNo": "",
    "InvoiceDate": "2025-10-13",
    "InvoiceStateCode": "37",
    "pk": 271,
    "ServerInsertedTimeStamp": "2025-10-13T05:25:26.519Z"
  },
  {
    "BuyerName": "sekhar",
    "BuyerAddress": "kakinada",
    "BuyerMobile": "9666811339",
    "BuyerGST": "",
    "InvoiceNo": "",
    "InvoiceDate": "2025-10-13",
    "InvoiceStateCode": "37",
    "pk": 272,
    "ServerInsertedTimeStamp": "2025-10-13T05:42:54.095Z"
  },
  {
    "BuyerName": "A S AUTOMOBILES",
    "BuyerAddress": "PEDAPUDI",
    "BuyerMobile": "7032296315",
    "BuyerGST": "",
    "InvoiceNo": "",
    "InvoiceDate": "2025-10-13",
    "InvoiceStateCode": "37",
    "pk": 273,
    "ServerInsertedTimeStamp": "2025-10-13T05:56:35.320Z"
  },
  {
    "BuyerName": "UDHAY",
    "BuyerAddress": "GOLLAPROLU",
    "BuyerMobile": "7036512244",
    "BuyerGST": "",
    "InvoiceNo": "",
    "InvoiceDate": "2025-10-13",
    "InvoiceStateCode": "37",
    "pk": 274,
    "ServerInsertedTimeStamp": "2025-10-13T06:51:39.969Z"
  },
  {
    "BuyerName": "SIVAYYA",
    "BuyerAddress": "KAKINADA",
    "BuyerMobile": "9542933855",
    "BuyerGST": "",
    "InvoiceNo": "",
    "InvoiceDate": "2025-10-13",
    "InvoiceStateCode": "37",
    "pk": 275,
    "ServerInsertedTimeStamp": "2025-10-13T06:54:48.422Z"
  },
  {
    "BuyerName": "kmr",
    "BuyerAddress": "kakinada",
    "BuyerMobile": "9948839389",
    "BuyerGST": "",
    "InvoiceNo": "",
    "InvoiceDate": "2025-10-13",
    "InvoiceStateCode": "37",
    "pk": 276,
    "ServerInsertedTimeStamp": "2025-10-13T07:08:53.656Z"
  },
  {
    "BuyerName": "daniel raju garu",
    "BuyerAddress": "kakinada",
    "BuyerMobile": "9640475625",
    "BuyerGST": "",
    "InvoiceNo": "",
    "InvoiceDate": "2025-10-13",
    "InvoiceStateCode": "37",
    "pk": 277,
    "ServerInsertedTimeStamp": "2025-10-13T07:36:18.302Z"
  },
  {
    "BuyerName": "Nuki Raju",
    "BuyerAddress": "Jagannadhapuram",
    "BuyerMobile": "7893723066",
    "BuyerGST": "",
    "InvoiceNo": "",
    "InvoiceDate": "2025-10-13",
    "InvoiceStateCode": "37",
    "pk": 278,
    "ServerInsertedTimeStamp": "2025-10-13T07:47:14.017Z"
  },
  {
    "BuyerName": "Khan",
    "BuyerAddress": "Kakinada",
    "BuyerMobile": "9949734711",
    "BuyerGST": "",
    "InvoiceNo": "",
    "InvoiceDate": "2025-10-13",
    "InvoiceStateCode": "37",
    "pk": 279,
    "ServerInsertedTimeStamp": "2025-10-13T08:27:26.517Z"
  },
  {
    "BuyerName": "Siri general store",
    "BuyerAddress": "Kakinada",
    "BuyerMobile": "9908007749",
    "BuyerGST": "",
    "InvoiceNo": "",
    "InvoiceDate": "2025-10-13",
    "InvoiceStateCode": "37",
    "pk": 280,
    "ServerInsertedTimeStamp": "2025-10-13T08:29:15.507Z"
  },
  {
    "BuyerName": "NAGU",
    "BuyerAddress": "KAKINADA",
    "BuyerMobile": "9182500145",
    "BuyerGST": "",
    "InvoiceNo": "",
    "InvoiceDate": "2025-10-13",
    "InvoiceStateCode": "37",
    "pk": 281,
    "ServerInsertedTimeStamp": "2025-10-13T08:35:42.163Z"
  },
  {
    "BuyerName": "LALITHA",
    "BuyerAddress": "chileru",
    "BuyerMobile": "9440191109",
    "BuyerGST": "",
    "InvoiceNo": "",
    "InvoiceDate": "2025-10-13",
    "InvoiceStateCode": "37",
    "pk": 282,
    "ServerInsertedTimeStamp": "2025-10-13T08:58:32.229Z"
  },
  {
    "BuyerName": "anji",
    "BuyerAddress": "karapa",
    "BuyerMobile": "7382652147",
    "BuyerGST": "",
    "InvoiceNo": "",
    "InvoiceDate": "2025-10-13",
    "InvoiceStateCode": "37",
    "pk": 283,
    "ServerInsertedTimeStamp": "2025-10-13T09:11:48.540Z"
  },
  {
    "BuyerName": "DURGA DEVI AUTO SPARES",
    "BuyerAddress": "DIVILI",
    "BuyerMobile": "7013206295",
    "BuyerGST": "",
    "InvoiceNo": "",
    "InvoiceDate": "2025-10-13",
    "InvoiceStateCode": "37",
    "pk": 284,
    "ServerInsertedTimeStamp": "2025-10-13T09:51:46.639Z"
  },
  {
    "BuyerName": "RAJU",
    "BuyerAddress": "PEDAPUDI",
    "BuyerMobile": "9989799834",
    "BuyerGST": "",
    "InvoiceNo": "",
    "InvoiceDate": "2025-10-13",
    "InvoiceStateCode": "37",
    "pk": 285,
    "ServerInsertedTimeStamp": "2025-10-13T11:02:46.072Z"
  },
  {
    "BuyerName": "DURGA DEVI AUTOMOBILES",
    "BuyerAddress": "DIVILI",
    "BuyerMobile": "7013206295",
    "BuyerGST": "",
    "InvoiceNo": "",
    "InvoiceDate": "2025-10-13",
    "InvoiceStateCode": "37",
    "pk": 286,
    "ServerInsertedTimeStamp": "2025-10-13T11:17:51.743Z"
  },
  {
    "BuyerName": "Kiran",
    "BuyerAddress": "kakinada",
    "BuyerMobile": "8919641223",
    "BuyerGST": "",
    "InvoiceNo": "",
    "InvoiceDate": "2025-10-13",
    "InvoiceStateCode": "37",
    "pk": 287,
    "ServerInsertedTimeStamp": "2025-10-13T11:40:28.713Z"
  },
  {
    "BuyerName": "A Sathibabu",
    "BuyerAddress": "Kakinada",
    "BuyerMobile": "9542912123",
    "BuyerGST": "",
    "InvoiceNo": "",
    "InvoiceDate": "2025-10-13",
    "InvoiceStateCode": "37",
    "pk": 288,
    "ServerInsertedTimeStamp": "2025-10-13T11:58:18.528Z"
  },
  {
    "BuyerName": "Raja Ram",
    "BuyerAddress": "Kakinada",
    "BuyerMobile": "9963788803",
    "BuyerGST": "",
    "InvoiceNo": "",
    "InvoiceDate": "2025-10-13",
    "InvoiceStateCode": "37",
    "pk": 289,
    "ServerInsertedTimeStamp": "2025-10-13T12:28:19.201Z"
  },
  {
    "BuyerName": "sathish",
    "BuyerAddress": "kakinada",
    "BuyerMobile": "9059829186",
    "BuyerGST": "",
    "InvoiceNo": "",
    "InvoiceDate": "2025-10-13",
    "InvoiceStateCode": "37",
    "pk": 290,
    "ServerInsertedTimeStamp": "2025-10-13T12:59:06.385Z"
  },
  {
    "BuyerName": "govindu",
    "BuyerAddress": "kakinada",
    "BuyerMobile": "9010544881",
    "BuyerGST": "",
    "InvoiceNo": "",
    "InvoiceDate": "2025-10-13",
    "InvoiceStateCode": "37",
    "pk": 291,
    "ServerInsertedTimeStamp": "2025-10-13T13:24:30.356Z"
  },
  {
    "BuyerName": "hp",
    "BuyerAddress": "kakinada",
    "BuyerMobile": "",
    "BuyerGST": "",
    "InvoiceNo": "",
    "InvoiceDate": "2025-10-13",
    "InvoiceStateCode": "37",
    "pk": 292,
    "ServerInsertedTimeStamp": "2025-10-13T13:46:33.245Z"
  },
  {
    "BuyerName": "naveen",
    "BuyerAddress": "kakinada",
    "BuyerMobile": "8340057789",
    "BuyerGST": "",
    "InvoiceNo": "",
    "InvoiceDate": "2025-10-13",
    "InvoiceStateCode": "37",
    "pk": 293,
    "ServerInsertedTimeStamp": "2025-10-13T14:09:40.835Z"
  },
  {
    "BuyerName": "srinivasa auto spares",
    "BuyerAddress": "chollangi",
    "BuyerMobile": "9642821319",
    "BuyerGST": "",
    "InvoiceNo": "",
    "InvoiceDate": "2025-10-13",
    "InvoiceStateCode": "37",
    "pk": 294,
    "ServerInsertedTimeStamp": "2025-10-13T15:06:51.172Z"
  },
  {
    "BuyerName": "venkatesh",
    "BuyerAddress": "gollaprolu",
    "BuyerMobile": "9032221925",
    "BuyerGST": "",
    "InvoiceNo": "",
    "InvoiceDate": "2025-10-13",
    "InvoiceStateCode": "37",
    "pk": 295,
    "ServerInsertedTimeStamp": "2025-10-13T15:49:49.437Z"
  },
  {
    "BuyerName": "govindhurajulu auto spares",
    "BuyerAddress": "gollapalem",
    "BuyerMobile": "9490526415",
    "BuyerGST": "",
    "InvoiceNo": "",
    "InvoiceDate": "2025-10-13",
    "InvoiceStateCode": "37",
    "pk": 296,
    "ServerInsertedTimeStamp": "2025-10-13T16:07:54.819Z"
  },
  {
    "BuyerName": "DEVADHULA CHANDRARAO",
    "BuyerAddress": "velangi",
    "BuyerMobile": "9908454559",
    "BuyerGST": "",
    "InvoiceNo": "",
    "InvoiceDate": "2025-10-13",
    "InvoiceStateCode": "37",
    "pk": 297,
    "ServerInsertedTimeStamp": "2025-10-13T16:12:56.493Z"
  },
  {
    "BuyerName": "Daily sale",
    "BuyerAddress": "Kakinada",
    "BuyerMobile": "9348159999",
    "BuyerGST": "",
    "InvoiceNo": "",
    "InvoiceDate": "2025-10-14",
    "InvoiceStateCode": "37",
    "pk": 298,
    "ServerInsertedTimeStamp": "2025-10-14T04:04:07.617Z"
  },
  {
    "BuyerName": "g srinu",
    "BuyerAddress": "chollangi",
    "BuyerMobile": "9866129717",
    "BuyerGST": "",
    "InvoiceNo": "",
    "InvoiceDate": "2025-10-14",
    "InvoiceStateCode": "37",
    "pk": 299,
    "ServerInsertedTimeStamp": "2025-10-14T05:17:57.366Z"
  },
  {
    "BuyerName": "ramu",
    "BuyerAddress": "kakinada",
    "BuyerMobile": "9912130595",
    "BuyerGST": "",
    "InvoiceNo": "",
    "InvoiceDate": "2025-10-14",
    "InvoiceStateCode": "37",
    "pk": 300,
    "ServerInsertedTimeStamp": "2025-10-14T06:12:37.089Z"
  },
  {
    "BuyerName": "PEST MORTEM INDIA PRIVATE LIMITED",
    "BuyerAddress": "KAKINADA",
    "BuyerMobile": "",
    "BuyerGST": "37AACCP2255R1ZW",
    "InvoiceNo": "",
    "InvoiceDate": "2025-10-14",
    "InvoiceStateCode": "37",
    "pk": 301,
    "ServerInsertedTimeStamp": "2025-10-14T06:29:12.142Z"
  },
  {
    "BuyerName": "Sai  Auto Consultancy",
    "BuyerAddress": "Ramachandrapuram",
    "BuyerMobile": "9494397999",
    "BuyerGST": "",
    "InvoiceNo": "",
    "InvoiceDate": "2025-10-14",
    "InvoiceStateCode": "37",
    "pk": 302,
    "ServerInsertedTimeStamp": "2025-10-14T06:33:59.337Z"
  },
  {
    "BuyerName": "Pradeep",
    "BuyerAddress": "Kovvada",
    "BuyerMobile": "7995751166",
    "BuyerGST": "",
    "InvoiceNo": "",
    "InvoiceDate": "2025-10-14",
    "InvoiceStateCode": "37",
    "pk": 303,
    "ServerInsertedTimeStamp": "2025-10-14T07:13:10.259Z"
  },
  {
    "BuyerName": "srinu",
    "BuyerAddress": "kakinada",
    "BuyerMobile": "9989757738",
    "BuyerGST": "",
    "InvoiceNo": "",
    "InvoiceDate": "2025-10-14",
    "InvoiceStateCode": "37",
    "pk": 304,
    "ServerInsertedTimeStamp": "2025-10-14T07:24:17.044Z"
  },
  {
    "BuyerName": "SRIVIZNAN ENGLISH MEDIEM SCHOOL",
    "BuyerAddress": "SAMALKOTA",
    "BuyerMobile": "9848831513",
    "BuyerGST": "",
    "InvoiceNo": "",
    "InvoiceDate": "2025-10-14",
    "InvoiceStateCode": "37",
    "pk": 305,
    "ServerInsertedTimeStamp": "2025-10-14T07:37:29.763Z"
  },
  {
    "BuyerName": "veerababu",
    "BuyerAddress": "chinna swamy nagar",
    "BuyerMobile": "9951181883",
    "BuyerGST": "",
    "InvoiceNo": "",
    "InvoiceDate": "2025-10-14",
    "InvoiceStateCode": "37",
    "pk": 306,
    "ServerInsertedTimeStamp": "2025-10-14T08:00:06.785Z"
  },
  {
    "BuyerName": "siri general stores",
    "BuyerAddress": "kakinada",
    "BuyerMobile": "9908007749",
    "BuyerGST": "",
    "InvoiceNo": "",
    "InvoiceDate": "2025-10-14",
    "InvoiceStateCode": "37",
    "pk": 307,
    "ServerInsertedTimeStamp": "2025-10-14T08:03:42.352Z"
  },
  {
    "BuyerName": "nagu",
    "BuyerAddress": "light house",
    "BuyerMobile": "9182500145",
    "BuyerGST": "",
    "InvoiceNo": "",
    "InvoiceDate": "2025-10-14",
    "InvoiceStateCode": "37",
    "pk": 308,
    "ServerInsertedTimeStamp": "2025-10-14T09:11:48.605Z"
  },
  {
    "BuyerName": "likith aoto works",
    "BuyerAddress": "kakinada",
    "BuyerMobile": "9989800724",
    "BuyerGST": "",
    "InvoiceNo": "",
    "InvoiceDate": "2025-10-14",
    "InvoiceStateCode": "37",
    "pk": 309,
    "ServerInsertedTimeStamp": "2025-10-14T09:17:25.158Z"
  },
  {
    "BuyerName": "k siva",
    "BuyerAddress": "kakinaa",
    "BuyerMobile": "7780793338",
    "BuyerGST": "",
    "InvoiceNo": "",
    "InvoiceDate": "2025-10-14",
    "InvoiceStateCode": "37",
    "pk": 310,
    "ServerInsertedTimeStamp": "2025-10-14T09:24:01.535Z"
  },
  {
    "BuyerName": "p apararo",
    "BuyerAddress": "kakinada",
    "BuyerMobile": "9640356190",
    "BuyerGST": "",
    "InvoiceNo": "",
    "InvoiceDate": "2025-10-14",
    "InvoiceStateCode": "37",
    "pk": 311,
    "ServerInsertedTimeStamp": "2025-10-14T09:26:44.040Z"
  },
  {
    "BuyerName": "suresh",
    "BuyerAddress": "kakinada",
    "BuyerMobile": "7801078782",
    "BuyerGST": "",
    "InvoiceNo": "",
    "InvoiceDate": "2025-10-14",
    "InvoiceStateCode": "37",
    "pk": 312,
    "ServerInsertedTimeStamp": "2025-10-14T09:28:49.220Z"
  },
  {
    "BuyerName": "K Satya narayana",
    "BuyerAddress": "kakinada",
    "BuyerMobile": "7416409327",
    "BuyerGST": "",
    "InvoiceNo": "",
    "InvoiceDate": "2025-10-14",
    "InvoiceStateCode": "37",
    "pk": 313,
    "ServerInsertedTimeStamp": "2025-10-14T09:42:47.316Z"
  },
  {
    "BuyerName": "p bhadrao",
    "BuyerAddress": "kakinada",
    "BuyerMobile": "9502673843",
    "BuyerGST": "",
    "InvoiceNo": "",
    "InvoiceDate": "2025-10-14",
    "InvoiceStateCode": "37",
    "pk": 314,
    "ServerInsertedTimeStamp": "2025-10-14T09:48:20.743Z"
  },
  {
    "BuyerName": "chanti",
    "BuyerAddress": "kakinada",
    "BuyerMobile": "9059373151",
    "BuyerGST": "",
    "InvoiceNo": "",
    "InvoiceDate": "2025-10-14",
    "InvoiceStateCode": "37",
    "pk": 315,
    "ServerInsertedTimeStamp": "2025-10-14T09:53:00.647Z"
  },
  {
    "BuyerName": "k eswarao",
    "BuyerAddress": "kakinada",
    "BuyerMobile": "9030174170",
    "BuyerGST": "",
    "InvoiceNo": "",
    "InvoiceDate": "2025-10-14",
    "InvoiceStateCode": "37",
    "pk": 316,
    "ServerInsertedTimeStamp": "2025-10-14T09:58:53.524Z"
  },
  {
    "BuyerName": "anji",
    "BuyerAddress": "karapa",
    "BuyerMobile": "7382652147",
    "BuyerGST": "",
    "InvoiceNo": "",
    "InvoiceDate": "2025-10-14",
    "InvoiceStateCode": "37",
    "pk": 317,
    "ServerInsertedTimeStamp": "2025-10-14T10:22:55.961Z"
  },
  {
    "BuyerName": "prasad",
    "BuyerAddress": "kakinada",
    "BuyerMobile": "9912817553",
    "BuyerGST": "",
    "InvoiceNo": "",
    "InvoiceDate": "2025-10-14",
    "InvoiceStateCode": "37",
    "pk": 318,
    "ServerInsertedTimeStamp": "2025-10-14T10:35:32.895Z"
  },
  {
    "BuyerName": "daya",
    "BuyerAddress": "kakinada",
    "BuyerMobile": "9505308062",
    "BuyerGST": "",
    "InvoiceNo": "",
    "InvoiceDate": "2025-10-14",
    "InvoiceStateCode": "37",
    "pk": 319,
    "ServerInsertedTimeStamp": "2025-10-14T11:28:30.417Z"
  },
  {
    "BuyerName": "adhi",
    "BuyerAddress": "uppada",
    "BuyerMobile": "9849266857",
    "BuyerGST": "",
    "InvoiceNo": "",
    "InvoiceDate": "2025-10-14",
    "InvoiceStateCode": "37",
    "pk": 320,
    "ServerInsertedTimeStamp": "2025-10-14T11:32:09.787Z"
  },
  {
    "BuyerName": "g umamaheswari",
    "BuyerAddress": "yanam",
    "BuyerMobile": "8096979490",
    "BuyerGST": "",
    "InvoiceNo": "",
    "InvoiceDate": "2025-10-14",
    "InvoiceStateCode": "37",
    "pk": 321,
    "ServerInsertedTimeStamp": "2025-10-14T11:47:02.053Z"
  },
  {
    "BuyerName": "g suubahmanyam",
    "BuyerAddress": "virava",
    "BuyerMobile": "9949563818",
    "BuyerGST": "",
    "InvoiceNo": "",
    "InvoiceDate": "2025-10-14",
    "InvoiceStateCode": "37",
    "pk": 322,
    "ServerInsertedTimeStamp": "2025-10-14T11:51:46.312Z"
  },
  {
    "BuyerName": "giri",
    "BuyerAddress": "kakinada",
    "BuyerMobile": "9989845645",
    "BuyerGST": "",
    "InvoiceNo": "",
    "InvoiceDate": "2025-10-14",
    "InvoiceStateCode": "37",
    "pk": 323,
    "ServerInsertedTimeStamp": "2025-10-14T12:15:48.014Z"
  },
  {
    "BuyerName": "y k reddi",
    "BuyerAddress": "kakinada",
    "BuyerMobile": "9848922441",
    "BuyerGST": "",
    "InvoiceNo": "",
    "InvoiceDate": "2025-10-14",
    "InvoiceStateCode": "37",
    "pk": 324,
    "ServerInsertedTimeStamp": "2025-10-14T12:16:40.915Z"
  },
  {
    "BuyerName": "giri",
    "BuyerAddress": "kakinada",
    "BuyerMobile": "9989845645",
    "BuyerGST": "",
    "InvoiceNo": "",
    "InvoiceDate": "2025-10-14",
    "InvoiceStateCode": "37",
    "pk": 325,
    "ServerInsertedTimeStamp": "2025-10-14T12:50:21.074Z"
  },
  {
    "BuyerName": "Trinath automobiles",
    "BuyerAddress": "prathipadu",
    "BuyerMobile": "9848283609",
    "BuyerGST": "",
    "InvoiceNo": "",
    "InvoiceDate": "2025-10-14",
    "InvoiceStateCode": "37",
    "pk": 326,
    "ServerInsertedTimeStamp": "2025-10-14T13:11:15.250Z"
  },
  {
    "BuyerName": "ganesh",
    "BuyerAddress": "kakinada",
    "BuyerMobile": "9100135315",
    "BuyerGST": "",
    "InvoiceNo": "",
    "InvoiceDate": "2025-10-14",
    "InvoiceStateCode": "37",
    "pk": 327,
    "ServerInsertedTimeStamp": "2025-10-14T15:55:11.691Z"
  },
  {
    "BuyerName": "suribabu garu",
    "BuyerAddress": "nadakuduru",
    "BuyerMobile": "9848971214",
    "BuyerGST": "",
    "InvoiceNo": "",
    "InvoiceDate": "2025-10-14",
    "InvoiceStateCode": "37",
    "pk": 328,
    "ServerInsertedTimeStamp": "2025-10-14T16:01:15.921Z"
  },
  {
    "BuyerName": "Laxman rao",
    "BuyerAddress": "kakinada",
    "BuyerMobile": "9550025535",
    "BuyerGST": "",
    "InvoiceNo": "",
    "InvoiceDate": "2025-10-15",
    "InvoiceStateCode": "37",
    "pk": 329,
    "ServerInsertedTimeStamp": "2025-10-15T04:34:11.279Z"
  },
  {
    "BuyerName": "",
    "BuyerAddress": "",
    "BuyerMobile": "",
    "BuyerGST": "",
    "InvoiceNo": "",
    "InvoiceDate": "2025-10-15",
    "InvoiceStateCode": "37",
    "pk": 330,
    "ServerInsertedTimeStamp": "2025-10-15T04:48:14.036Z"
  },
  {
    "BuyerName": "m ramakrishna",
    "BuyerAddress": "kakinada",
    "BuyerMobile": "9908454120",
    "BuyerGST": "",
    "InvoiceNo": "",
    "InvoiceDate": "2025-10-15",
    "InvoiceStateCode": "37",
    "pk": 331,
    "ServerInsertedTimeStamp": "2025-10-15T04:51:09.819Z"
  },
  {
    "BuyerName": "angadi lovaraju",
    "BuyerAddress": "kakinada",
    "BuyerMobile": "9849567529",
    "BuyerGST": "",
    "InvoiceNo": "",
    "InvoiceDate": "2025-10-15",
    "InvoiceStateCode": "37",
    "pk": 332,
    "ServerInsertedTimeStamp": "2025-10-15T04:56:02.519Z"
  },
  {
    "BuyerName": "",
    "BuyerAddress": "",
    "BuyerMobile": "",
    "BuyerGST": "",
    "InvoiceNo": "",
    "InvoiceDate": "2025-10-15",
    "InvoiceStateCode": "37",
    "pk": 333,
    "ServerInsertedTimeStamp": "2025-10-15T05:02:54.046Z"
  },
  {
    "BuyerName": "chinna",
    "BuyerAddress": "kakinada",
    "BuyerMobile": "9177034675",
    "BuyerGST": "",
    "InvoiceNo": "",
    "InvoiceDate": "2025-10-15",
    "InvoiceStateCode": "37",
    "pk": 334,
    "ServerInsertedTimeStamp": "2025-10-15T05:03:14.906Z"
  },
  {
    "BuyerName": "Srinu",
    "BuyerAddress": "kakinada",
    "BuyerMobile": "9848667266",
    "BuyerGST": "",
    "InvoiceNo": "",
    "InvoiceDate": "2025-10-15",
    "InvoiceStateCode": "37",
    "pk": 335,
    "ServerInsertedTimeStamp": "2025-10-15T06:00:23.941Z"
  },
  {
    "BuyerName": "siva kumar",
    "BuyerAddress": "vza",
    "BuyerMobile": "7989218135",
    "BuyerGST": "",
    "InvoiceNo": "",
    "InvoiceDate": "2025-10-15",
    "InvoiceStateCode": "37",
    "pk": 336,
    "ServerInsertedTimeStamp": "2025-10-15T06:27:09.972Z"
  },
  {
    "BuyerName": "raju",
    "BuyerAddress": "kakinada",
    "BuyerMobile": "9949942749",
    "BuyerGST": "",
    "InvoiceNo": "",
    "InvoiceDate": "2025-10-15",
    "InvoiceStateCode": "37",
    "pk": 337,
    "ServerInsertedTimeStamp": "2025-10-15T06:29:42.165Z"
  },
  {
    "BuyerName": "tirupathiraju",
    "BuyerAddress": "kakinada",
    "BuyerMobile": "6303352599",
    "BuyerGST": "",
    "InvoiceNo": "",
    "InvoiceDate": "2025-10-15",
    "InvoiceStateCode": "37",
    "pk": 338,
    "ServerInsertedTimeStamp": "2025-10-15T06:45:50.373Z"
  },
  {
    "BuyerName": "venkataramayya",
    "BuyerAddress": "kakinada",
    "BuyerMobile": "",
    "BuyerGST": "",
    "InvoiceNo": "",
    "InvoiceDate": "2025-10-15",
    "InvoiceStateCode": "37",
    "pk": 339,
    "ServerInsertedTimeStamp": "2025-10-15T06:47:59.542Z"
  },
  {
    "BuyerName": "raju",
    "BuyerAddress": "kakinada",
    "BuyerMobile": "9963764162",
    "BuyerGST": "",
    "InvoiceNo": "",
    "InvoiceDate": "2025-10-15",
    "InvoiceStateCode": "37",
    "pk": 340,
    "ServerInsertedTimeStamp": "2025-10-15T06:55:16.760Z"
  },
  {
    "BuyerName": "civik automobiles",
    "BuyerAddress": "kAKINADA",
    "BuyerMobile": "9533500738",
    "BuyerGST": "",
    "InvoiceNo": "",
    "InvoiceDate": "2025-10-15",
    "InvoiceStateCode": "37",
    "pk": 341,
    "ServerInsertedTimeStamp": "2025-10-15T07:04:13.526Z"
  },
  {
    "BuyerName": "ASHOK KAKINADA",
    "BuyerAddress": "KAKINADA",
    "BuyerMobile": "9133430687",
    "BuyerGST": "",
    "InvoiceNo": "",
    "InvoiceDate": "2025-10-15",
    "InvoiceStateCode": "37",
    "pk": 342,
    "ServerInsertedTimeStamp": "2025-10-15T07:13:31.738Z"
  },
  {
    "BuyerName": "Sri Durga mahalakshmi bike",
    "BuyerAddress": "tallarevu",
    "BuyerMobile": "9849491519",
    "BuyerGST": "",
    "InvoiceNo": "",
    "InvoiceDate": "2025-10-15",
    "InvoiceStateCode": "37",
    "pk": 343,
    "ServerInsertedTimeStamp": "2025-10-15T08:40:20.802Z"
  },
  {
    "BuyerName": "adhi",
    "BuyerAddress": "uppada",
    "BuyerMobile": "9849266857",
    "BuyerGST": "",
    "InvoiceNo": "",
    "InvoiceDate": "2025-10-15",
    "InvoiceStateCode": "37",
    "pk": 344,
    "ServerInsertedTimeStamp": "2025-10-15T10:08:36.839Z"
  },
  {
    "BuyerName": "m srinivas garu",
    "BuyerAddress": "kakinada",
    "BuyerMobile": "9849429643",
    "BuyerGST": "",
    "InvoiceNo": "",
    "InvoiceDate": "2025-10-15",
    "InvoiceStateCode": "37",
    "pk": 345,
    "ServerInsertedTimeStamp": "2025-10-15T10:19:52.282Z"
  },
  {
    "BuyerName": "rajesh",
    "BuyerAddress": "uppada",
    "BuyerMobile": "8106713582",
    "BuyerGST": "",
    "InvoiceNo": "",
    "InvoiceDate": "2025-10-15",
    "InvoiceStateCode": "37",
    "pk": 346,
    "ServerInsertedTimeStamp": "2025-10-15T10:34:59.594Z"
  },
  {
    "BuyerName": "yesu",
    "BuyerAddress": "kakinada",
    "BuyerMobile": "8639469577",
    "BuyerGST": "",
    "InvoiceNo": "",
    "InvoiceDate": "2025-10-15",
    "InvoiceStateCode": "37",
    "pk": 347,
    "ServerInsertedTimeStamp": "2025-10-15T11:01:05.864Z"
  },
  {
    "BuyerName": "raju",
    "BuyerAddress": "kakinada",
    "BuyerMobile": "7780742268",
    "BuyerGST": "",
    "InvoiceNo": "",
    "InvoiceDate": "2025-10-15",
    "InvoiceStateCode": "37",
    "pk": 348,
    "ServerInsertedTimeStamp": "2025-10-15T11:24:24.292Z"
  },
  {
    "BuyerName": "vaishnavi auto consultency",
    "BuyerAddress": "pithapuram",
    "BuyerMobile": "7013540866",
    "BuyerGST": "",
    "InvoiceNo": "",
    "InvoiceDate": "2025-10-15",
    "InvoiceStateCode": "37",
    "pk": 349,
    "ServerInsertedTimeStamp": "2025-10-15T11:40:37.908Z"
  },
  {
    "BuyerName": "Ramarao",
    "BuyerAddress": "kakinada",
    "BuyerMobile": "9676466069",
    "BuyerGST": "",
    "InvoiceNo": "",
    "InvoiceDate": "2025-10-15",
    "InvoiceStateCode": "37",
    "pk": 350,
    "ServerInsertedTimeStamp": "2025-10-15T11:57:52.522Z"
  },
  {
    "BuyerName": "G Sarath Babu",
    "BuyerAddress": "kakinada",
    "BuyerMobile": "9963165295",
    "BuyerGST": "",
    "InvoiceNo": "",
    "InvoiceDate": "2025-10-15",
    "InvoiceStateCode": "37",
    "pk": 351,
    "ServerInsertedTimeStamp": "2025-10-15T12:33:46.838Z"
  },
  {
    "BuyerName": "satyanarayana",
    "BuyerAddress": "kakinada",
    "BuyerMobile": "",
    "BuyerGST": "",
    "InvoiceNo": "",
    "InvoiceDate": "2025-10-15",
    "InvoiceStateCode": "37",
    "pk": 352,
    "ServerInsertedTimeStamp": "2025-10-15T12:40:14.753Z"
  },
  {
    "BuyerName": "GOVINDHURAJULU AUTO SPARES",
    "BuyerAddress": "GOLLAPALEM",
    "BuyerMobile": "9490526415",
    "BuyerGST": "",
    "InvoiceNo": "",
    "InvoiceDate": "2025-10-15",
    "InvoiceStateCode": "37",
    "pk": 353,
    "ServerInsertedTimeStamp": "2025-10-15T13:21:27.443Z"
  },
  {
    "BuyerName": "SURIBABU",
    "BuyerAddress": "G MAMIDADA",
    "BuyerMobile": "8328152678",
    "BuyerGST": "",
    "InvoiceNo": "",
    "InvoiceDate": "2025-10-15",
    "InvoiceStateCode": "37",
    "pk": 354,
    "ServerInsertedTimeStamp": "2025-10-15T14:57:01.877Z"
  },
  {
    "BuyerName": "A S AUTOMOBILES",
    "BuyerAddress": "PEDAPUDI",
    "BuyerMobile": "7032296315",
    "BuyerGST": "",
    "InvoiceNo": "",
    "InvoiceDate": "2025-10-15",
    "InvoiceStateCode": "37",
    "pk": 355,
    "ServerInsertedTimeStamp": "2025-10-15T14:57:57.566Z"
  },
  {
    "BuyerName": "srinivasa auto spares",
    "BuyerAddress": "chollangi",
    "BuyerMobile": "9642821319",
    "BuyerGST": "",
    "InvoiceNo": "",
    "InvoiceDate": "2025-10-15",
    "InvoiceStateCode": "37",
    "pk": 356,
    "ServerInsertedTimeStamp": "2025-10-15T15:10:41.156Z"
  },
  {
    "BuyerName": "VENKATESWARA RAO GARU",
    "BuyerAddress": "GOLLAPROLU",
    "BuyerMobile": "9032221925",
    "BuyerGST": "",
    "InvoiceNo": "",
    "InvoiceDate": "2025-10-15",
    "InvoiceStateCode": "37",
    "pk": 357,
    "ServerInsertedTimeStamp": "2025-10-15T15:35:00.364Z"
  },
  {
    "BuyerName": "GOVINDURAJULU AUTO SPARES",
    "BuyerAddress": "GOLLAPALEM",
    "BuyerMobile": "9490526415",
    "BuyerGST": "",
    "InvoiceNo": "",
    "InvoiceDate": "2025-10-15",
    "InvoiceStateCode": "37",
    "pk": 358,
    "ServerInsertedTimeStamp": "2025-10-15T15:43:09.890Z"
  },
  {
    "BuyerName": "m rasju kakinada",
    "BuyerAddress": "kakinada",
    "BuyerMobile": "9133946066",
    "BuyerGST": "",
    "InvoiceNo": "",
    "InvoiceDate": "2025-10-16",
    "InvoiceStateCode": "37",
    "pk": 359,
    "ServerInsertedTimeStamp": "2025-10-16T04:39:53.545Z"
  },
  {
    "BuyerName": "",
    "BuyerAddress": "",
    "BuyerMobile": "",
    "BuyerGST": "",
    "InvoiceNo": "",
    "InvoiceDate": "2025-10-16",
    "InvoiceStateCode": "37",
    "pk": 360,
    "ServerInsertedTimeStamp": "2025-10-16T05:08:43.038Z"
  },
  {
    "BuyerName": "suresh",
    "BuyerAddress": "kakinada",
    "BuyerMobile": "9493889252",
    "BuyerGST": "",
    "InvoiceNo": "",
    "InvoiceDate": "2025-10-16",
    "InvoiceStateCode": "37",
    "pk": 361,
    "ServerInsertedTimeStamp": "2025-10-16T05:09:06.505Z"
  },
  {
    "BuyerName": "Prem Kumar",
    "BuyerAddress": "Jagannadhpuram",
    "BuyerMobile": "9030136329",
    "BuyerGST": "",
    "InvoiceNo": "",
    "InvoiceDate": "2025-10-16",
    "InvoiceStateCode": "37",
    "pk": 362,
    "ServerInsertedTimeStamp": "2025-10-16T05:38:15.773Z"
  },
  {
    "BuyerName": "vanamaraj",
    "BuyerAddress": "nadakuduru",
    "BuyerMobile": "9866513302",
    "BuyerGST": "",
    "InvoiceNo": "",
    "InvoiceDate": "2025-10-16",
    "InvoiceStateCode": "37",
    "pk": 363,
    "ServerInsertedTimeStamp": "2025-10-16T05:58:21.438Z"
  },
  {
    "BuyerName": "annamayya",
    "BuyerAddress": "kakinada",
    "BuyerMobile": "9553385299",
    "BuyerGST": "",
    "InvoiceNo": "",
    "InvoiceDate": "2025-10-16",
    "InvoiceStateCode": "37",
    "pk": 364,
    "ServerInsertedTimeStamp": "2025-10-16T06:00:57.298Z"
  },
  {
    "BuyerName": "Bhanu",
    "BuyerAddress": "Kakinada",
    "BuyerMobile": "8106771377",
    "BuyerGST": "",
    "InvoiceNo": "",
    "InvoiceDate": "2025-10-16",
    "InvoiceStateCode": "37",
    "pk": 365,
    "ServerInsertedTimeStamp": "2025-10-16T06:28:54.713Z"
  },
  {
    "BuyerName": "keshav",
    "BuyerAddress": "",
    "BuyerMobile": "0999943232",
    "BuyerGST": "",
    "InvoiceNo": "",
    "InvoiceDate": "2025-10-16",
    "InvoiceStateCode": "37",
    "pk": 366,
    "ServerInsertedTimeStamp": "2025-10-16T08:56:02.587Z"
  },
  {
    "BuyerName": "keshav",
    "BuyerAddress": "",
    "BuyerMobile": "9898423",
    "BuyerGST": "",
    "InvoiceNo": "",
    "InvoiceDate": "2025-10-16",
    "InvoiceStateCode": "37",
    "pk": 367,
    "ServerInsertedTimeStamp": "2025-10-16T09:30:53.263Z"
  }
]